full text,summary,LLM json,LLM summary json,model,time
"‚ùóÔ∏è–í–ª–∞—Å—Ç–∏ —Å–º–æ–≥—É—Ç –∑–∞–ø—Ä–∞—à–∏–≤–∞—Ç—å —É –±–∏–∑–Ω–µ—Å–∞ –¥–∞–Ω–Ω—ã–µ –ø–æ –ª—é–±–æ–º—É –ø–æ–≤–æ–¥—É. –ú–∏–Ω—Ü–∏—Ñ—Ä—ã —Ä–∞–∑—Ä–∞–±–æ—Ç–∞–ª–æ –ø—Ä–æ–µ–∫—Ç —Ä–∞—Å–ø–æ—Ä—è–∂–µ–Ω–∏—è –ø—Ä–∞–≤–∏—Ç–µ–ª—å—Å—Ç–≤–∞, –ø–µ—Ä–µ—á–∏—Å–ª—è—é—â–∏–π —Å–ª—É—á–∞–∏, –∫–æ–≥–¥–∞ –≤–ª–∞—Å—Ç–∏ –º–æ–≥—É—Ç –∑–∞–ø—Ä–∞—à–∏–≤–∞—Ç—å —É –±–∏–∑–Ω–µ—Å–∞ –æ–±–µ–∑–ª–∏—á–µ–Ω–Ω—ã–µ –ø–µ—Ä—Å–æ–Ω–∞–ª—å–Ω—ã–µ –¥–∞–Ω–Ω—ã–µ –∫–ª–∏–µ–Ω—Ç–æ–≤ –∏ —Å–æ—Ç—Ä—É–¥–Ω–∏–∫–æ–≤, —É–∑–Ω–∞–ª Forbes. –î–æ–∫—É–º–µ–Ω—Ç –¥–µ—Ç–∞–ª–∏–∑–∏—Ä—É–µ—Ç –ø—Ä–∏–Ω—è—Ç—ã–π –≤ –∞–≤–≥—É—Å—Ç–µ –∑–∞–∫–æ–Ω, –ø—Ä–µ–¥–ø–æ–ª–∞–≥–∞—é—â–∏–π —Å–æ–∑–¥–∞–Ω–∏–µ ¬´–≥–æ—Å–æ—Å–∑–µ—Ä–∞¬ª –¥–∞–Ω–Ω—ã—Ö ‚Äî –≥–æ—Å—É–¥–∞—Ä—Å—Ç–≤–µ–Ω–Ω–æ–π –∏–Ω—Ñ–æ—Ä–º–∞—Ü–∏–æ–Ω–Ω–æ–π —Å–∏—Å—Ç–µ–º—ã (–ì–ò–°). –ü–æ –º–Ω–µ–Ω–∏—é –∫–æ–º–ø–∞–Ω–∏–π, –ø–æ–ª–æ–∂–µ–Ω–∏—è –¥–æ–∫—É–º–µ–Ω—Ç–∞ –ø–æ–∑–≤–æ–ª—è—é—Ç –∑–∞–ø—Ä–∞—à–∏–≤–∞—Ç—å —É –±–∏–∑–Ω–µ—Å–∞, –∫–æ—Ç–æ—Ä—ã–π –ø–æ–Ω–µ—Å–µ—Ç –∑–Ω–∞—á–∏—Ç–µ–ª—å–Ω—ã–µ —Ä–∞—Å—Ö–æ–¥—ã –Ω–∞ –æ–±–µ–∑–ª–∏—á–∏–≤–∞–Ω–∏–µ –∏ —Å–µ—Ç—É–µ—Ç –Ω–∞ –ø–æ—Ç–µ–Ω—Ü–∏–∞–ª—å–Ω—É—é –Ω–µ–ø—Ä–æ–∑—Ä–∞—á–Ω–æ—Å—Ç—å –∑–∞–ø—Ä–æ—Å–æ–≤, –¥–∞–Ω–Ω—ã–µ –≤ –ª—é–±—ã—Ö —Å–ª—É—á–∞—è—Ö. –ü—Ä–∏ —ç—Ç–æ–º –æ—Å—Ç–∞—é—Ç—Å—è —Ä–∏—Å–∫–∏ —Ç–æ–≥–æ, —á—Ç–æ –º–æ–∂–Ω–æ –±—É–¥–µ—Ç –æ–ø—Ä–µ–¥–µ–ª–∏—Ç—å –ø—Ä–∏–Ω–∞–¥–ª–µ–∂–Ω–æ—Å—Ç—å –∏–Ω—Ñ–æ—Ä–º–∞—Ü–∏–∏ –∫–æ–Ω–∫—Ä–µ—Ç–Ω–æ–º—É —á–µ–ª–æ–≤–µ–∫—É","–í–ª–∞—Å—Ç–∏ —Å–º–æ–≥—É—Ç –∑–∞–ø—Ä–∞—à–∏–≤–∞—Ç—å —É –±–∏–∑–Ω–µ—Å–∞ –¥–∞–Ω–Ω—ã–µ –ø–æ –ª—é–±–æ–º—É –ø–æ–≤–æ–¥—É. –ú–∏–Ω—Ü–∏—Ñ—Ä—ã —Ä–∞–∑—Ä–∞–±–æ—Ç–∞–ª–æ –ø—Ä–æ–µ–∫—Ç —Ä–∞—Å–ø–æ—Ä—è–∂–µ–Ω–∏—è –ø—Ä–∞–≤–∏—Ç–µ–ª—å—Å—Ç–≤–∞, –¥–µ—Ç–∞–ª–∏–∑–∏—Ä—É—é—â–∏–π —Å–ª—É—á–∞–∏ –∑–∞–ø—Ä–æ—Å–∞ –æ–±–µ–∑–ª–∏—á–µ–Ω–Ω—ã—Ö –ø–µ—Ä—Å–æ–Ω–∞–ª—å–Ω—ã—Ö –¥–∞–Ω–Ω—ã—Ö –¥–ª—è —Å–æ–∑–¥–∞–Ω–∏—è –≥–æ—Å—Å–æ–∑–µ—Ä–∞ –¥–∞–Ω–Ω—ã—Ö. –ö–æ–º–ø–∞–Ω–∏–∏ –æ–ø–∞—Å–∞—é—Ç—Å—è –∑–Ω–∞—á–∏—Ç–µ–ª—å–Ω—ã—Ö —Ä–∞—Å—Ö–æ–¥–æ–≤ –Ω–∞ –æ–±–µ–∑–ª–∏—á–∏–≤–∞–Ω–∏–µ –∏ –Ω–µ–ø—Ä–æ–∑—Ä–∞—á–Ω–æ—Å—Ç–∏ –∑–∞–ø—Ä–æ—Å–æ–≤, –∞ —Ç–∞–∫–∂–µ —Ä–∏—Å–∫–∞ –æ–ø—Ä–µ–¥–µ–ª–µ–Ω–∏—è –ø—Ä–∏–Ω–∞–¥–ª–µ–∂–Ω–æ—Å—Ç–∏ –¥–∞–Ω–Ω—ã—Ö –∫–æ–Ω–∫—Ä–µ—Ç–Ω–æ–º—É —á–µ–ª–æ–≤–µ–∫—É.","```json
{
  ""text"": ""‚ùóÔ∏è–í–ª–∞—Å—Ç–∏ —Å–º–æ–≥—É—Ç –∑–∞–ø—Ä–∞—à–∏–≤–∞—Ç—å —É –±–∏–∑–Ω–µ—Å–∞ –¥–∞–Ω–Ω—ã–µ –ø–æ –ª—é–±–æ–º—É –ø–æ–≤–æ–¥—É. –ú–∏–Ω—Ü–∏—Ñ—Ä—ã —Ä–∞–∑—Ä–∞–±–æ—Ç–∞–ª–æ –ø—Ä–æ–µ–∫—Ç —Ä–∞—Å–ø–æ—Ä—è–∂–µ–Ω–∏—è –ø—Ä–∞–≤–∏—Ç–µ–ª—å—Å—Ç–≤–∞, –ø–µ—Ä–µ—á–∏—Å–ª—è—é—â–∏–π —Å–ª—É—á–∞–∏, –∫–æ–≥–¥–∞ –≤–ª–∞—Å—Ç–∏ –º–æ–≥—É—Ç –∑–∞–ø—Ä–∞—à–∏–≤–∞—Ç—å —É –±–∏–∑–Ω–µ—Å–∞ –æ–±–µ–∑–ª–∏—á–µ–Ω–Ω—ã–µ –ø–µ—Ä—Å–æ–Ω–∞–ª—å–Ω—ã–µ –¥–∞–Ω–Ω—ã–µ –∫–ª–∏–µ–Ω—Ç–æ–≤ –∏ —Å–æ—Ç—Ä—É–¥–Ω–∏–∫–æ–≤, —É–∑–Ω–∞–ª Forbes. –î–æ–∫—É–º–µ–Ω—Ç –¥–µ—Ç–∞–ª–∏–∑–∏—Ä—É–µ—Ç –ø—Ä–∏–Ω—è—Ç—ã–π –≤ –∞–≤–≥—É—Å—Ç–µ –∑–∞–∫–æ–Ω, –ø—Ä–µ–¥–ø–æ–ª–∞–≥–∞—é—â–∏–π —Å–æ–∑–¥–∞–Ω–∏–µ ¬´–≥–æ—Å–æ—Å–∑–µ—Ä–∞¬ª –¥–∞–Ω–Ω—ã—Ö ‚Äî –≥–æ—Å—É–¥–∞—Ä—Å—Ç–≤–µ–Ω–Ω–æ–π –∏–Ω—Ñ–æ—Ä–º–∞—Ü–∏–æ–Ω–Ω–æ–π —Å–∏—Å—Ç–µ–º—ã (–ì–ò–°). –ü–æ –º–Ω–µ–Ω–∏—é –∫–æ–º–ø–∞–Ω–∏–π, –ø–æ–ª–æ–∂–µ–Ω–∏—è –¥–æ–∫—É–º–µ–Ω—Ç–∞ –ø–æ–∑–≤–æ–ª—è—é—Ç –∑–∞–ø—Ä–∞—à–∏–≤–∞—Ç—å —É –±–∏–∑–Ω–µ—Å–∞, –∫–æ—Ç–æ—Ä—ã–π –ø–æ–Ω–µ—Å–µ—Ç –∑–Ω–∞—á–∏—Ç–µ–ª—å–Ω—ã–µ —Ä–∞—Å—Ö–æ–¥—ã –Ω–∞ –æ–±–µ–∑–ª–∏—á–∏–≤–∞–Ω–∏–µ –∏ —Å–µ—Ç—É–µ—Ç –Ω–∞ –ø–æ—Ç–µ–Ω—Ü–∏–∞–ª—å–Ω—É—é –Ω–µ–ø—Ä–æ–∑—Ä–∞—á–Ω–æ—Å—Ç—å –∑–∞–ø—Ä–æ—Å–æ–≤, –¥–∞–Ω–Ω—ã–µ –≤ –ª—é–±—ã—Ö —Å–ª—É—á–∞—è—Ö. –ü—Ä–∏ —ç—Ç–æ–º –æ—Å—Ç–∞—é—Ç—Å—è —Ä–∏—Å–∫–∏ —Ç–æ–≥–æ, —á—Ç–æ –º–æ–∂–Ω–æ –±—É–¥–µ—Ç –æ–ø—Ä–µ–¥–µ–ª–∏—Ç—å –ø—Ä–∏–Ω–∞–¥–ª–µ–∂–Ω–æ—Å—Ç—å –∏–Ω—Ñ–æ—Ä–º–∞—Ü–∏–∏ –∫–æ–Ω–∫—Ä–µ—Ç–Ω–æ–º—É —á–µ–ª–æ–≤–µ–∫—É"",
  ""entities"": [
    {
      ""entity"": ""–í–ª–∞—Å—Ç–∏"",
      ""types"": [""ORGANIZATION""]
    },
    {
      ""entity"": ""–±–∏–∑–Ω–µ—Å–∞"",
      ""types"": [""ORGANIZATION""]
    },
    {
      ""entity"": ""–ú–∏–Ω—Ü–∏—Ñ—Ä—ã"",
      ""types"": [""ORGANIZATION""]
    },
    {
      ""entity"": ""—Ä–∞—Å–ø–æ—Ä—è–∂–µ–Ω–∏—è –ø—Ä–∞–≤–∏—Ç–µ–ª—å—Å—Ç–≤–∞"",
      ""types"": [""DOCUMENT""]
    },
    {
      ""entity"": ""–≤–ª–∞—Å—Ç–∏"",
      ""types"": [""ORGANIZATION""]
    },
    {
      ""entity"": ""–±–∏–∑–Ω–µ—Å–∞"",
      ""types"": [""ORGANIZATION""]
    },
    {
      ""entity"": ""–æ–±–µ–∑–ª–∏—á–µ–Ω–Ω—ã–µ –ø–µ—Ä—Å–æ–Ω–∞–ª—å–Ω—ã–µ –¥–∞–Ω–Ω—ã–µ –∫–ª–∏–µ–Ω—Ç–æ–≤ –∏ —Å–æ—Ç—Ä—É–¥–Ω–∏–∫–æ–≤"",
      ""types"": [""DATA""]
    },
    {
      ""entity"": ""Forbes"",
      ""types"": [""ORGANIZATION""]
    },
    {
      ""entity"": ""–î–æ–∫—É–º–µ–Ω—Ç"",
      ""types"": [""DOCUMENT""]
    },
    {
      ""entity"": ""–ø—Ä–∏–Ω—è—Ç—ã–π –≤ –∞–≤–≥—É—Å—Ç–µ –∑–∞–∫–æ–Ω"",
      ""types"": [""LAW""]
    },
    {
      ""entity"": ""–≥–æ—Å–æ—Å–∑–µ—Ä–∞"",
      ""types"": [""SYSTEM""]
    },
    {
      ""entity"": ""–≥–æ—Å—É–¥–∞—Ä—Å—Ç–≤–µ–Ω–Ω–æ–π –∏–Ω—Ñ–æ—Ä–º–∞—Ü–∏–æ–Ω–Ω–æ–π —Å–∏—Å—Ç–µ–º—ã (–ì–ò–°)"",
      ""types"": [""SYSTEM""]
    },
    {
      ""entity"": ""–∫–æ–º–ø–∞–Ω–∏–π"",
      ""types"": [""ORGANIZATION""]
    },
    {
      ""entity"": ""–¥–æ–∫—É–º–µ–Ω—Ç–∞"",
      ""types"": [""DOCUMENT""]
    },
    {
      ""entity"": ""–±–∏–∑–Ω–µ—Å–∞"",
      ""types"": [""ORGANIZATION""]
    },
    {
      ""entity"": ""—á–µ–ª–æ–≤–µ–∫—É"",
      ""types"": [""PERSON""]
    }
  ]
}
```","```json
{
  ""text"": ""–í–ª–∞—Å—Ç–∏ —Å–º–æ–≥—É—Ç –∑–∞–ø—Ä–∞—à–∏–≤–∞—Ç—å —É –±–∏–∑–Ω–µ—Å–∞ –¥–∞–Ω–Ω—ã–µ –ø–æ –ª—é–±–æ–º—É –ø–æ–≤–æ–¥—É. –ú–∏–Ω—Ü–∏—Ñ—Ä—ã —Ä–∞–∑—Ä–∞–±–æ—Ç–∞–ª–æ –ø—Ä–æ–µ–∫—Ç —Ä–∞—Å–ø–æ—Ä—è–∂–µ–Ω–∏—è –ø—Ä–∞–≤–∏—Ç–µ–ª—å—Å—Ç–≤–∞, –¥–µ—Ç–∞–ª–∏–∑–∏—Ä—É—é—â–∏–π —Å–ª—É—á–∞–∏ –∑–∞–ø—Ä–æ—Å–∞ –æ–±–µ–∑–ª–∏—á–µ–Ω–Ω—ã—Ö –ø–µ—Ä—Å–æ–Ω–∞–ª—å–Ω—ã—Ö –¥–∞–Ω–Ω—ã—Ö –¥–ª—è —Å–æ–∑–¥–∞–Ω–∏—è –≥–æ—Å—Å–æ–∑–µ—Ä–∞ –¥–∞–Ω–Ω—ã—Ö. –ö–æ–º–ø–∞–Ω–∏–∏ –æ–ø–∞—Å–∞—é—Ç—Å—è –∑–Ω–∞—á–∏—Ç–µ–ª—å–Ω—ã—Ö —Ä–∞—Å—Ö–æ–¥–æ–≤ –Ω–∞ –æ–±–µ–∑–ª–∏—á–∏–≤–∞–Ω–∏–µ –∏ –Ω–µ–ø—Ä–æ–∑—Ä–∞—á–Ω–æ—Å—Ç–∏ –∑–∞–ø—Ä–æ—Å–æ–≤, –∞ —Ç–∞–∫–∂–µ —Ä–∏—Å–∫–∞ –æ–ø—Ä–µ–¥–µ–ª–µ–Ω–∏—è –ø—Ä–∏–Ω–∞–¥–ª–µ–∂–Ω–æ—Å—Ç–∏ –¥–∞–Ω–Ω—ã—Ö –∫–æ–Ω–∫—Ä–µ—Ç–Ω–æ–º—É —á–µ–ª–æ–≤–µ–∫—É."",
  ""entities"": [
    {""entity"": ""–í–ª–∞—Å—Ç–∏"", ""types"": [""Organization""]},
    {""entity"": ""–±–∏–∑–Ω–µ—Å–∞"", ""types"": [""Organization""]},
    {""entity"": ""–ú–∏–Ω—Ü–∏—Ñ—Ä—ã"", ""types"": [""Organization""]},
    {""entity"": ""–ø—Ä–∞–≤–∏—Ç–µ–ª—å—Å—Ç–≤–∞"", ""types"": [""Organization"", ""Government""]},
    {""entity"": ""–≥–æ—Å—Å–æ–∑–µ—Ä–∞ –¥–∞–Ω–Ω—ã—Ö"", ""types"": [""Organization"", ""Database""]},
    {""entity"": ""–ö–æ–º–ø–∞–Ω–∏–∏"", ""types"": [""Organization""]}
  ]
}
```",mistral-large-latest,2024-10-31 20:50:46
"–í –ß–µ—Ä–∫–µ—Å—Å–∫–µ –ø—Ä–æ–∏–∑–æ—à–µ–ª –≤–∑—Ä—ã–≤ –≥–∞–∑–∞ –≤ –ø—è—Ç–∏—ç—Ç–∞–∂–Ω–æ–º –∂–∏–ª–æ–º –¥–æ–º–µ, –ø–æ–≥–∏–±–ª–∏ –¥–≤–∞ —á–µ–ª–æ–≤–µ–∫–∞, –ø–æ –ø—Ä–µ–¥–≤–∞—Ä–∏—Ç–µ–ª—å–Ω—ã–º –¥–∞–Ω–Ω—ã–º, —Å–µ–º–µ—Ä–æ –ø–æ—Å—Ç—Ä–∞–¥–∞–ª–∏, –ø–∏—à–µ—Ç –¢–ê–°–°. –í –ú–ß–° –ø–æ–∫–∞ –ø–æ–¥—Ç–≤–µ—Ä–¥–∏–ª–∏ –≥–∏–±–µ–ª—å –æ–¥–Ω–æ–≥–æ —á–µ–ª–æ–≤–µ–∫–∞, –∏–∑ –¥–æ–º–∞ —ç–≤–∞–∫—É–∏—Ä–æ–≤–∞–ª–∏ –æ–∫–æ–ª–æ 50 –∂–∏—Ç–µ–ª–µ–π. –ò–∑-–∑–∞ –≤–∑—Ä—ã–≤–∞ –≥–∞–∑–∞ –≤–æ–∑–±—É–∂–¥–µ–Ω–æ —É–≥–æ–ª–æ–≤–Ω–æ–µ –¥–µ–ª–æ","–í–∑—Ä—ã–≤ –≥–∞–∑–∞ –≤ –ø—è—Ç–∏—ç—Ç–∞–∂–Ω–æ–º –¥–æ–º–µ –≤ –ß–µ—Ä–∫–µ—Å—Å–∫–µ –ø—Ä–∏–≤–µ–ª –∫ –≥–∏–±–µ–ª–∏ –¥–≤—É—Ö —á–µ–ª–æ–≤–µ–∫, —Å–µ–º–µ—Ä—ã—Ö –ø–æ—Å—Ç—Ä–∞–¥–∞–ª–∏. –ú–ß–° –ø–æ–¥—Ç–≤–µ—Ä–¥–∏–ª–æ –≥–∏–±–µ–ª—å –æ–¥–Ω–æ–≥–æ —á–µ–ª–æ–≤–µ–∫–∞, —ç–≤–∞–∫—É–∏—Ä–æ–≤–∞–Ω–æ –æ–∫–æ–ª–æ 50 –∂–∏—Ç–µ–ª–µ–π. –í–æ–∑–±—É–∂–¥–µ–Ω–æ —É–≥–æ–ª–æ–≤–Ω–æ–µ –¥–µ–ª–æ.","```json
{
  ""text"": ""–í –ß–µ—Ä–∫–µ—Å—Å–∫–µ –ø—Ä–æ–∏–∑–æ—à–µ–ª –≤–∑—Ä—ã–≤ –≥–∞–∑–∞ –≤ –ø—è—Ç–∏—ç—Ç–∞–∂–Ω–æ–º –∂–∏–ª–æ–º –¥–æ–º–µ, –ø–æ–≥–∏–±–ª–∏ –¥–≤–∞ —á–µ–ª–æ–≤–µ–∫–∞, –ø–æ –ø—Ä–µ–¥–≤–∞—Ä–∏—Ç–µ–ª—å–Ω—ã–º –¥–∞–Ω–Ω—ã–º, —Å–µ–º–µ—Ä–æ –ø–æ—Å—Ç—Ä–∞–¥–∞–ª–∏, –ø–∏—à–µ—Ç –¢–ê–°–°. –í –ú–ß–° –ø–æ–∫–∞ –ø–æ–¥—Ç–≤–µ—Ä–¥–∏–ª–∏ –≥–∏–±–µ–ª—å –æ–¥–Ω–æ–≥–æ —á–µ–ª–æ–≤–µ–∫–∞, –∏–∑ –¥–æ–º–∞ —ç–≤–∞–∫—É–∏—Ä–æ–≤–∞–ª–∏ –æ–∫–æ–ª–æ 50 –∂–∏—Ç–µ–ª–µ–π. –ò–∑-–∑–∞ –≤–∑—Ä—ã–≤–∞ –≥–∞–∑–∞ –≤–æ–∑–±—É–∂–¥–µ–Ω–æ —É–≥–æ–ª–æ–≤–Ω–æ–µ –¥–µ–ª–æ"",
  ""entities"": [
    {""entity"": ""–ß–µ—Ä–∫–µ—Å—Å–∫–µ"", ""types"": [""Location""]},
    {""entity"": ""–≤–∑—Ä—ã–≤ –≥–∞–∑–∞"", ""types"": [""Event""]},
    {""entity"": ""–ø—è—Ç–∏—ç—Ç–∞–∂–Ω–æ–º –∂–∏–ª–æ–º –¥–æ–º–µ"", ""types"": [""Building""]},
    {""entity"": ""–¥–≤–∞ —á–µ–ª–æ–≤–µ–∫–∞"", ""types"": [""PersonCount""]},
    {""entity"": ""—Å–µ–º–µ—Ä–æ"", ""types"": [""PersonCount""]},
    {""entity"": ""–¢–ê–°–°"", ""types"": [""Organization""]},
    {""entity"": ""–ú–ß–°"", ""types"": [""Organization""]},
    {""entity"": ""–æ–¥–Ω–æ–≥–æ —á–µ–ª–æ–≤–µ–∫–∞"", ""types"": [""PersonCount""]},
    {""entity"": ""50 –∂–∏—Ç–µ–ª–µ–π"", ""types"": [""PersonCount""]},
    {""entity"": ""—É–≥–æ–ª–æ–≤–Ω–æ–µ –¥–µ–ª–æ"", ""types"": [""LegalAction""]}
  ]
}
```","```json
{
  ""text"": ""–í–∑—Ä—ã–≤ –≥–∞–∑–∞ –≤ –ø—è—Ç–∏—ç—Ç–∞–∂–Ω–æ–º –¥–æ–º–µ –≤ –ß–µ—Ä–∫–µ—Å—Å–∫–µ –ø—Ä–∏–≤–µ–ª –∫ –≥–∏–±–µ–ª–∏ –¥–≤—É—Ö —á–µ–ª–æ–≤–µ–∫, —Å–µ–º–µ—Ä—ã—Ö –ø–æ—Å—Ç—Ä–∞–¥–∞–ª–∏. –ú–ß–° –ø–æ–¥—Ç–≤–µ—Ä–¥–∏–ª–æ –≥–∏–±–µ–ª—å –æ–¥–Ω–æ–≥–æ —á–µ–ª–æ–≤–µ–∫–∞, —ç–≤–∞–∫—É–∏—Ä–æ–≤–∞–Ω–æ –æ–∫–æ–ª–æ 50 –∂–∏—Ç–µ–ª–µ–π. –í–æ–∑–±—É–∂–¥–µ–Ω–æ —É–≥–æ–ª–æ–≤–Ω–æ–µ –¥–µ–ª–æ."",
  ""entities"": [
    {""entity"": ""–í–∑—Ä—ã–≤ –≥–∞–∑–∞"", ""types"": [""Event""]},
    {""entity"": ""–ø—è—Ç–∏—ç—Ç–∞–∂–Ω–æ–º –¥–æ–º–µ"", ""types"": [""Building""]},
    {""entity"": ""–ß–µ—Ä–∫–µ—Å—Å–∫–µ"", ""types"": [""Location""]},
    {""entity"": ""–¥–≤—É—Ö —á–µ–ª–æ–≤–µ–∫"", ""types"": [""Person"", ""Count""]},
    {""entity"": ""—Å–µ–º–µ—Ä—ã—Ö"", ""types"": [""Count""]},
    {""entity"": ""–ú–ß–°"", ""types"": [""Organization""]},
    {""entity"": ""–æ–¥–Ω–æ–≥–æ —á–µ–ª–æ–≤–µ–∫–∞"", ""types"": [""Person"", ""Count""]},
    {""entity"": ""50 –∂–∏—Ç–µ–ª–µ–π"", ""types"": [""Count"", ""Person""]},
    {""entity"": ""—É–≥–æ–ª–æ–≤–Ω–æ–µ –¥–µ–ª–æ"", ""types"": [""Legal""]}
  ]
}
```",mistral-large-latest,2024-10-31 20:51:39
"–ù–∞ –ø—Ä–æ–≥—Ä–∞–º–º—É —Å–µ–º–µ–π–Ω–æ–π –∏–ø–æ—Ç–µ–∫–∏ –≤—ã–¥–µ–ª–µ–Ω—ã –¥–æ–ø–æ–ª–Ω–∏—Ç–µ–ª—å–Ω—ã–µ 350 –º–ª—Ä–¥ —Ä—É–±–ª–µ–π, –ø—Ä–æ—Ü–µ—Å—Å —Ä–∞—Å–ø—Ä–µ–¥–µ–ª–µ–Ω–∏—è —ç—Ç–æ–≥–æ –ª–∏–º–∏—Ç–∞ —É–∂–µ –∑–∞–ø—É—â–µ–Ω, —Å–æ–æ–±—â–∏–ª–∏ –≤ –ø—Ä–µ—Å—Å-—Å–ª—É–∂–±–µ –æ–ø–µ—Ä–∞—Ç–æ—Ä–∞ –ø—Ä–æ–≥—Ä–∞–º–º—ã ¬´–î–æ–º.–†–§¬ª. 30 –æ–∫—Ç—è–±—Ä—è –æ –ø—Ä–∏–æ—Å—Ç–∞–Ω–æ–≤–∫–µ –≤—ã–¥–∞—á–∏ –∫—Ä–µ–¥–∏—Ç–æ–≤ –ø–æ –ø—Ä–æ–≥—Ä–∞–º–º–µ —Å–µ–º–µ–π–Ω–æ–π –∏–ø–æ—Ç–µ–∫–∏ –∏–∑-–∑–∞ –∏—Å—á–µ—Ä–ø–∞–Ω–∏—è –ª–∏–º–∏—Ç–æ–≤ —Å–æ–æ–±—â–∏–ª–∏ –í–¢–ë –∏ –°–±–µ—Ä–±–∞–Ω–∫","–ù–∞ –ø—Ä–æ–≥—Ä–∞–º–º—É —Å–µ–º–µ–π–Ω–æ–π –∏–ø–æ—Ç–µ–∫–∏ –≤—ã–¥–µ–ª–µ–Ω—ã –¥–æ–ø–æ–ª–Ω–∏—Ç–µ–ª—å–Ω—ã–µ 350 –º–ª—Ä–¥ —Ä—É–±–ª–µ–π. –ü—Ä–æ—Ü–µ—Å—Å —Ä–∞—Å–ø—Ä–µ–¥–µ–ª–µ–Ω–∏—è —ç—Ç–æ–≥–æ –ª–∏–º–∏—Ç–∞ —É–∂–µ –∑–∞–ø—É—â–µ–Ω, —Å–æ–æ–±—â–∏–ª–∏ –≤ –ø—Ä–µ—Å—Å-—Å–ª—É–∂–±–µ –æ–ø–µ—Ä–∞—Ç–æ—Ä–∞ –ø—Ä–æ–≥—Ä–∞–º–º—ã ¬´–î–æ–º.–†–§¬ª. 30 –æ–∫—Ç—è–±—Ä—è –í–¢–ë –∏ –°–±–µ—Ä–±–∞–Ω–∫ —Å–æ–æ–±—â–∏–ª–∏ –æ –ø—Ä–∏–æ—Å—Ç–∞–Ω–æ–≤–∫–µ –≤—ã–¥–∞—á–∏ –∫—Ä–µ–¥–∏—Ç–æ–≤ –ø–æ –ø—Ä–æ–≥—Ä–∞–º–º–µ —Å–µ–º–µ–π–Ω–æ–π –∏–ø–æ—Ç–µ–∫–∏ –∏–∑-–∑–∞ –∏—Å—á–µ—Ä–ø–∞–Ω–∏—è –ª–∏–º–∏—Ç–æ–≤.","```json
{
  ""text"": ""–ù–∞ –ø—Ä–æ–≥—Ä–∞–º–º—É —Å–µ–º–µ–π–Ω–æ–π –∏–ø–æ—Ç–µ–∫–∏ –≤—ã–¥–µ–ª–µ–Ω—ã –¥–æ–ø–æ–ª–Ω–∏—Ç–µ–ª—å–Ω—ã–µ 350 –º–ª—Ä–¥ —Ä—É–±–ª–µ–π, –ø—Ä–æ—Ü–µ—Å—Å —Ä–∞—Å–ø—Ä–µ–¥–µ–ª–µ–Ω–∏—è —ç—Ç–æ–≥–æ –ª–∏–º–∏—Ç–∞ —É–∂–µ –∑–∞–ø—É—â–µ–Ω, —Å–æ–æ–±—â–∏–ª–∏ –≤ –ø—Ä–µ—Å—Å-—Å–ª—É–∂–±–µ –æ–ø–µ—Ä–∞—Ç–æ—Ä–∞ –ø—Ä–æ–≥—Ä–∞–º–º—ã ¬´–î–æ–º.–†–§¬ª. 30 –æ–∫—Ç—è–±—Ä—è –æ –ø—Ä–∏–æ—Å—Ç–∞–Ω–æ–≤–∫–µ –≤—ã–¥–∞—á–∏ –∫—Ä–µ–¥–∏—Ç–æ–≤ –ø–æ –ø—Ä–æ–≥—Ä–∞–º–º–µ —Å–µ–º–µ–π–Ω–æ–π –∏–ø–æ—Ç–µ–∫–∏ –∏–∑-–∑–∞ –∏—Å—á–µ—Ä–ø–∞–Ω–∏—è –ª–∏–º–∏—Ç–æ–≤ —Å–æ–æ–±—â–∏–ª–∏ –í–¢–ë –∏ –°–±–µ—Ä–±–∞–Ω–∫"",
  ""entities"": [
    {""entity"": ""–ø—Ä–æ–≥—Ä–∞–º–º—É —Å–µ–º–µ–π–Ω–æ–π –∏–ø–æ—Ç–µ–∫–∏"", ""types"": [""program""]},
    {""entity"": ""350 –º–ª—Ä–¥ —Ä—É–±–ª–µ–π"", ""types"": [""money""]},
    {""entity"": ""–ø—Ä–µ—Å—Å-—Å–ª—É–∂–±–µ –æ–ø–µ—Ä–∞—Ç–æ—Ä–∞ –ø—Ä–æ–≥—Ä–∞–º–º—ã ¬´–î–æ–º.–†–§¬ª"", ""types"": [""organization""]},
    {""entity"": ""–î–æ–º.–†–§"", ""types"": [""organization""]},
    {""entity"": ""30 –æ–∫—Ç—è–±—Ä—è"", ""types"": [""date""]},
    {""entity"": ""–í–¢–ë"", ""types"": [""organization""]},
    {""entity"": ""–°–±–µ—Ä–±–∞–Ω–∫"", ""types"": [""organization""]}
  ]
}
```","```json
{
  ""text"": ""–ù–∞ –ø—Ä–æ–≥—Ä–∞–º–º—É —Å–µ–º–µ–π–Ω–æ–π –∏–ø–æ—Ç–µ–∫–∏ –≤—ã–¥–µ–ª–µ–Ω—ã –¥–æ–ø–æ–ª–Ω–∏—Ç–µ–ª—å–Ω—ã–µ 350 –º–ª—Ä–¥ —Ä—É–±–ª–µ–π. –ü—Ä–æ—Ü–µ—Å—Å —Ä–∞—Å–ø—Ä–µ–¥–µ–ª–µ–Ω–∏—è —ç—Ç–æ–≥–æ –ª–∏–º–∏—Ç–∞ —É–∂–µ –∑–∞–ø—É—â–µ–Ω, —Å–æ–æ–±—â–∏–ª–∏ –≤ –ø—Ä–µ—Å—Å-—Å–ª—É–∂–±–µ –æ–ø–µ—Ä–∞—Ç–æ—Ä–∞ –ø—Ä–æ–≥—Ä–∞–º–º—ã ¬´–î–æ–º.–†–§¬ª. 30 –æ–∫—Ç—è–±—Ä—è –í–¢–ë –∏ –°–±–µ—Ä–±–∞–Ω–∫ —Å–æ–æ–±—â–∏–ª–∏ –æ –ø—Ä–∏–æ—Å—Ç–∞–Ω–æ–≤–∫–µ –≤—ã–¥–∞—á–∏ –∫—Ä–µ–¥–∏—Ç–æ–≤ –ø–æ –ø—Ä–æ–≥—Ä–∞–º–º–µ —Å–µ–º–µ–π–Ω–æ–π –∏–ø–æ—Ç–µ–∫–∏ –∏–∑-–∑–∞ –∏—Å—á–µ—Ä–ø–∞–Ω–∏—è –ª–∏–º–∏—Ç–æ–≤."",
  ""entities"": [
    {""entity"": ""—Å–µ–º–µ–π–Ω–æ–π –∏–ø–æ—Ç–µ–∫–∏"", ""types"": [""Program""]},
    {""entity"": ""350 –º–ª—Ä–¥ —Ä—É–±–ª–µ–π"", ""types"": [""Currency""]},
    {""entity"": ""–î–æ–º.–†–§"", ""types"": [""Organization""]},
    {""entity"": ""30 –æ–∫—Ç—è–±—Ä—è"", ""types"": [""Date""]},
    {""entity"": ""–í–¢–ë"", ""types"": [""Organization"", ""Bank""]},
    {""entity"": ""–°–±–µ—Ä–±–∞–Ω–∫"", ""types"": [""Organization"", ""Bank""]},
    {""entity"": ""—Å–µ–º–µ–π–Ω–æ–π –∏–ø–æ—Ç–µ–∫–∏"", ""types"": [""Program""]}
  ]
}
```",mistral-large-latest,2024-10-31 20:52:36
"–†–µ–π—Ç–∏–Ω–≥ —É–≤–µ—Ä–µ–Ω–Ω–æ—Å—Ç–∏ —Ä–æ—Å—Å–∏–π—Å–∫–∏—Ö –∑–∞—Å—Ç—Ä–æ–π—â–∏–∫–æ–≤ ‚Äî 2024

Forbes –ø—É–±–ª–∏–∫—É–µ—Ç –Ω–æ–≤—ã–π —Ä–µ–π—Ç–∏–Ω–≥ —É–≤–µ—Ä–µ–Ω–Ω–æ—Å—Ç–∏ —Ä–æ—Å—Å–∏–π—Å–∫–∏—Ö –∑–∞—Å—Ç—Ä–æ–π—â–∏–∫–æ–≤. 

–û—Ç —ç–∫—Å–ø–µ—Ä—Ç–æ–≤ —Å–µ—Ä–≤–∏—Å–æ–≤ –¶–∏–∞–Ω –∏¬†Dataflat –º—ã –ø–æ–ª—É—á–∏–ª–∏ –¥–∞–Ω–Ω—ã–µ –æ¬†–ø—Ä–æ–¥–∞–∂–∞—Ö –∑–∞—Å—Ç—Ä–æ–π—â–∏–∫–æ–≤. –ü–æ –ø–æ–∫–∞–∑–∞—Ç–µ–ª—è–º –ø—Ä–æ–¥–∞–∂ –∑–∞ –≤–µ—Å—å 2023 –≥–æ–¥ –∏ –ø–µ—Ä–≤—É—é –ø–æ–ª–æ–≤–∏–Ω—É 2024 –≥–æ–¥–∞ —Å–æ—Å—Ç–∞–≤–∏–ª–∏ –ª–æ–Ω–≥-–ª–∏—Å—Ç—ã: —Ç–æ–ø-20 —É—á–∞—Å—Ç–Ω–∏–∫–æ–≤ –¥–ª—è —Å–µ–≥–º–µ–Ω—Ç–∞ ¬´–º–∞—Å—Å–æ–≤–æ–µ –∂–∏–ª—å–µ¬ª (–∫–ª–∞—Å—Å—ã ¬´—Å—Ç–∞–Ω–¥–∞—Ä—Ç¬ª –∏ ¬´–∫–æ–º—Ñ–æ—Ä—Ç¬ª) –∏¬†–ø–æ 10 –¥–ª—è —Å–µ–≥–º–µ–Ω—Ç–æ–≤ ¬´–±–∏–∑–Ω–µ—Å¬ª –∏¬†¬´–ø—Ä–µ–º–∏—É–º¬ª.  –ö–æ–º–ø–∞–Ω–∏–∏ –æ—Ü–µ–Ω–∏–≤–∞—é—Ç—Å—è –ø–æ –¥–≤—É–º –∫—Ä–∏—Ç–µ—Ä–∏—è–º: –¥–æ—Ö–æ–¥ –∏ –ø–æ—Ä—Ç—Ñ–µ–ª—å, –∏–º –ø—Ä–∏—Å–≤–æ–µ–Ω –æ–¥–∏–Ω–∞–∫–æ–≤—ã–π –≤–µ—Å (0,5). –î–æ—Ö–æ–¥:  –ø—Ä–æ–¥–∞–∂–∏ –≤ 2023 –≥–æ–¥—É (–≤–µ—Å 0,3); –≤ –ø–µ—Ä–≤–æ–º –ø–æ–ª—É–≥–æ–¥–∏–∏ 2024 –≥–æ–¥–∞ (–≤–µ—Å 0,3); —Ä–æ—Å—Ç –ø—Ä–æ–¥–∞–∂ –≤ –ø–µ—Ä–≤–æ–º –ø–æ–ª—É–≥–æ–¥–∏–∏ 2024-–≥–æ –ø–æ –æ—Ç–Ω–æ—à–µ–Ω–∏—é –∫¬†–ø–µ—Ä–≤–æ–º—É –ø–æ–ª—É–≥–æ–¥–∏—é 2023-–≥–æ (–≤–µ—Å 0,4).  –ü–æ—Ä—Ç—Ñ–µ–ª—å:  –ø–ª–æ—â–∞–¥—å –æ–±—ä–µ–∫—Ç–æ–≤ –Ω–∞ —Å—Ç–∞–¥–∏–∏ —Å—Ç—Ä–æ–∏—Ç–µ–ª—å—Å—Ç–≤–∞ –Ω–∞ 30 —Å–µ–Ω—Ç—è–±—Ä—è 2024 –≥–æ–¥–∞ (–≤–µ—Å 0,2); –Ω–µ—Ä–∞—Å–ø—Ä–æ–¥–∞–Ω–Ω—ã–µ –ø–ª–æ—â–∞–¥–∏ (–≤–µ—Å 0,2); –æ—Ç–Ω–æ—à–µ–Ω–∏–µ –Ω–µ—Ä–∞—Å–ø—Ä–æ–¥–∞–Ω–Ω—ã—Ö –º–µ—Ç—Ä–æ–≤ –∫ –º–µ—Ç—Ä–∞–º –≤ —Å—Ç—Ä–æ–π–∫–µ (—á–µ–º –º–µ–Ω—å—à–µ, —Ç–µ–º –ª—É—á—à–µ, –≤–µ—Å 0,2); –ø–ª–æ—â–∞–¥–∏ –Ω–æ–≤—ã—Ö –ø—Ä–æ–µ–∫—Ç–æ–≤, –∑–∞–ø—É—â–µ–Ω–Ω—ã—Ö –≤ 2024 –≥–æ–¥—É (–≤–µ—Å 0,4). 

 –í —Ä–µ–π—Ç–∏–Ω–≥ –ø–æ–ø–∞–ª–∏ 10 –∫–æ–º–ø–∞–Ω–∏–π —Å–µ–≥–º–µ–Ω—Ç–∞ –º–∞—Å—Å–æ–≤–æ–≥–æ –∂–∏–ª—å—è –∏ –ø–æ –ø—è—Ç—å –∫–æ–º–ø–∞–Ω–∏–π —Å–µ–≥–º–µ–Ω—Ç–æ–≤ ¬´–±–∏–∑–Ω–µ—Å¬ª –∏ ¬´–ø—Ä–µ–º–∏—É–º¬ª, –Ω–∞–±—Ä–∞–≤—à–∏—Ö –Ω–∞–∏–≤—ã—Å—à–∏–µ –±–∞–ª–ª—ã.  –í—Å–µ–º —É—á–∞—Å—Ç–Ω–∏–∫–∞–º —Ä–µ–π—Ç–∏–Ω–≥–∞ –±—ã–ª–æ –ø—Ä–µ–¥–ª–æ–∂–µ–Ω–æ –∑–∞–ø–æ–ª–Ω–∏—Ç—å –∞–Ω–∫–µ—Ç—ã. –ï—Å–ª–∏ –∫–æ–º–ø–∞–Ω–∏—è –Ω–µ —Ä–∞—Å–∫—Ä—ã–ª–∞ –∏–Ω—Ñ–æ—Ä–º–∞—Ü–∏—é –æ —Å–µ–±–µ, –¥–ª—è –æ—Ü–µ–Ω–∫–∏ –ø—Ä–æ–¥–∞–∂ –º—ã –æ–ø–∏—Ä–∞–ª–∏—Å—å –Ω–∞ —Ü–∏—Ñ—Ä—ã –¶–∏–∞–Ω –∏ Dataflat. 

–î–∞–Ω–Ω—ã–µ –æ¬†—Ç–µ–∫—É—â–µ–º –æ–±—ä–µ–º–µ –∑–∞—Å—Ç—Ä–æ–π–∫–∏ –ø—Ä–µ–¥–æ—Å—Ç–∞–≤–ª–µ–Ω—ã –ï–¥–∏–Ω—ã–º —Ä–µ—Å—É—Ä—Å–æ–º –∑–∞—Å—Ç—Ä–æ–π—â–∏–∫–æ–≤ (–ï–†–ó). –ò–Ω—Ñ–æ—Ä–º–∞—Ü–∏—è –æ –∫–æ–ª–∏—á–µ—Å—Ç–≤–µ –Ω–µ—Ä–∞—Å–ø—Ä–æ–¥–∞–Ω–Ω—ã—Ö –º–µ—Ç—Ä–æ–≤ –ø–æ–ª—É—á–µ–Ω–∞ –∏–∑ –ï–¥–∏–Ω–æ–π –∏–Ω—Ñ–æ—Ä–º–∞—Ü–∏–æ–Ω–Ω–æ–π —Å–∏—Å—Ç–µ–º—ã –∂–∏–ª–∏—â–Ω–æ–≥–æ —Å—Ç—Ä–æ–∏—Ç–µ–ª—å—Å—Ç–≤–∞ (–ï–ò–°–ñ–°). –°–≤–µ–¥–µ–Ω–∏—è –æ –ø—Ä–æ–µ–∫—Ç–∞—Ö, –∑–∞–ø—É—â–µ–Ω–Ω—ã—Ö –≤¬†2024¬†–≥–æ–¥—É, –ø—Ä–µ–¥–æ—Å—Ç–∞–≤–ª–µ–Ω—ã –∞–Ω–∞–ª–∏—Ç–∏–∫–∞–º–∏ –ï–†–ó.

–ö—Ç–æ –≤–æ—à–µ–ª –≤ —Ä–µ–π—Ç–∏–Ω–≥ —É–≤–µ—Ä–µ–Ω–Ω–æ—Å—Ç–∏ —Ä–æ—Å—Å–∏–π—Å–∫–∏—Ö –∑–∞—Å—Ç—Ä–æ–π—â–∏–∫–æ–≤ ‚Äî —á–∏—Ç–∞–π—Ç–µ –Ω–∞ —Å–∞–π—Ç–µ Forbes","Forbes published a new ranking of the confidence of Russian developers, based on data from Cian and Dataflat. The ranking includes top-20 developers for the ""mass housing"" segment and top-10 for the ""business"" and ""premium"" segments. Companies were evaluated based on revenue and portfolio, each weighted equally at 0.5. Revenue criteria include sales in 2023 (0.3), first half of 2024 (0.3), and growth in the first half of 2024 compared to the first half of 2023 (0.4). Portfolio criteria include the area of objects under construction as of September 30, 2024 (0.2), unsold area (0.2), the ratio of unsold area to area under construction (0.2), and the area of new projects launched in 2024 (0.4). The ranking includes the top 10 companies in the mass housing segment and the top 5 in the business and premium segments. Data on current construction volume was provided by the Unified Resource of Developers (EPS), unsold area data from the Unified Information System of Housing Construction (EISHS), and information on projects launched in 2024 by EPS analysts.","```json
{
  ""text"": ""–†–µ–π—Ç–∏–Ω–≥ —É–≤–µ—Ä–µ–Ω–Ω–æ—Å—Ç–∏ —Ä–æ—Å—Å–∏–π—Å–∫–∏—Ö –∑–∞—Å—Ç—Ä–æ–π—â–∏–∫–æ–≤ ‚Äî 2024\n\nForbes –ø—É–±–ª–∏–∫—É–µ—Ç –Ω–æ–≤—ã–π —Ä–µ–π—Ç–∏–Ω–≥ —É–≤–µ—Ä–µ–Ω–Ω–æ—Å—Ç–∏ —Ä–æ—Å—Å–∏–π—Å–∫–∏—Ö –∑–∞—Å—Ç—Ä–æ–π—â–∏–∫–æ–≤.\n\n–û—Ç —ç–∫—Å–ø–µ—Ä—Ç–æ–≤ —Å–µ—Ä–≤–∏—Å–æ–≤ –¶–∏–∞–Ω –∏ Dataflat –º—ã –ø–æ–ª—É—á–∏–ª–∏ –¥–∞–Ω–Ω—ã–µ –æ –ø—Ä–æ–¥–∞–∂–∞—Ö –∑–∞—Å—Ç—Ä–æ–π—â–∏–∫–æ–≤. –ü–æ –ø–æ–∫–∞–∑–∞—Ç–µ–ª—è–º –ø—Ä–æ–¥–∞–∂ –∑–∞ –≤–µ—Å—å 2023 –≥–æ–¥ –∏ –ø–µ—Ä–≤—É—é –ø–æ–ª–æ–≤–∏–Ω—É 2024 –≥–æ–¥–∞ —Å–æ—Å—Ç–∞–≤–∏–ª–∏ –ª–æ–Ω–≥-–ª–∏—Å—Ç—ã: —Ç–æ–ø-20 —É—á–∞—Å—Ç–Ω–∏–∫–æ–≤ –¥–ª—è —Å–µ–≥–º–µ–Ω—Ç–∞ ¬´–º–∞—Å—Å–æ–≤–æ–µ –∂–∏–ª—å–µ¬ª (–∫–ª–∞—Å—Å—ã ¬´—Å—Ç–∞–Ω–¥–∞—Ä—Ç¬ª –∏ ¬´–∫–æ–º—Ñ–æ—Ä—Ç¬ª) –∏ –ø–æ 10 –¥–ª—è —Å–µ–≥–º–µ–Ω—Ç–æ–≤ ¬´–±–∏–∑–Ω–µ—Å¬ª –∏ ¬´–ø—Ä–µ–º–∏—É–º¬ª. –ö–æ–º–ø–∞–Ω–∏–∏ –æ—Ü–µ–Ω–∏–≤–∞—é—Ç—Å—è –ø–æ –¥–≤—É–º –∫—Ä–∏—Ç–µ—Ä–∏—è–º: –¥–æ—Ö–æ–¥ –∏ –ø–æ—Ä—Ç—Ñ–µ–ª—å, –∏–º –ø—Ä–∏—Å–≤–æ–µ–Ω –æ–¥–∏–Ω–∞–∫–æ–≤—ã–π –≤–µ—Å (0,5). –î–æ—Ö–æ–¥: –ø—Ä–æ–¥–∞–∂–∏ –≤ 2023 –≥–æ–¥—É (–≤–µ—Å 0,3); –≤ –ø–µ—Ä–≤–æ–º –ø–æ–ª—É–≥–æ–¥–∏–∏ 2024 –≥–æ–¥–∞ (–≤–µ—Å 0,3); —Ä–æ—Å—Ç –ø—Ä–æ–¥–∞–∂ –≤ –ø–µ—Ä–≤–æ–º –ø–æ–ª—É–≥–æ–¥–∏–∏ 2024-–≥–æ –ø–æ –æ—Ç–Ω–æ—à–µ–Ω–∏—é –∫ –ø–µ—Ä–≤–æ–º—É –ø–æ–ª—É–≥–æ–¥–∏—é 2023-–≥–æ (–≤–µ—Å 0,4). –ü–æ—Ä—Ç—Ñ–µ–ª—å: –ø–ª–æ—â–∞–¥—å –æ–±—ä–µ–∫—Ç–æ–≤ –Ω–∞ —Å—Ç–∞–¥–∏–∏ —Å—Ç—Ä–æ–∏—Ç–µ–ª—å—Å—Ç–≤–∞ –Ω–∞ 30 —Å–µ–Ω—Ç—è–±—Ä—è 2024 –≥–æ–¥–∞ (–≤–µ—Å 0,2); –Ω–µ—Ä–∞—Å–ø—Ä–æ–¥–∞–Ω–Ω—ã–µ –ø–ª–æ—â–∞–¥–∏ (–≤–µ—Å 0,2); –æ—Ç–Ω–æ—à–µ–Ω–∏–µ –Ω–µ—Ä–∞—Å–ø—Ä–æ–¥–∞–Ω–Ω—ã—Ö –º–µ—Ç—Ä–æ–≤ –∫ –º–µ—Ç—Ä–∞–º –≤ —Å—Ç—Ä–æ–π–∫–µ (—á–µ–º –º–µ–Ω—å—à–µ, —Ç–µ–º –ª—É—á—à–µ, –≤–µ—Å 0,2); –ø–ª–æ—â–∞–¥–∏ –Ω–æ–≤—ã—Ö –ø—Ä–æ–µ–∫—Ç–æ–≤, –∑–∞–ø—É—â–µ–Ω–Ω—ã—Ö –≤ 2024 –≥–æ–¥—É (–≤–µ—Å 0,4).\n\n –í —Ä–µ–π—Ç–∏–Ω–≥ –ø–æ–ø–∞–ª–∏ 10 –∫–æ–º–ø–∞–Ω–∏–π —Å–µ–≥–º–µ–Ω—Ç–∞ –º–∞—Å—Å–æ–≤–æ–≥–æ –∂–∏–ª—å—è –∏ –ø–æ –ø—è—Ç—å –∫–æ–º–ø–∞–Ω–∏–π —Å–µ–≥–º–µ–Ω—Ç–æ–≤ ¬´–±–∏–∑–Ω–µ—Å¬ª –∏ ¬´–ø—Ä–µ–º–∏—É–º¬ª, –Ω–∞–±—Ä–∞–≤—à–∏—Ö –Ω–∞–∏–≤—ã—Å—à–∏–µ –±–∞–ª–ª—ã. –í—Å–µ–º —É—á–∞—Å—Ç–Ω–∏–∫–∞–º —Ä–µ–π—Ç–∏–Ω–≥–∞ –±—ã–ª–æ –ø—Ä–µ–¥–ª–æ–∂–µ–Ω–æ –∑–∞–ø–æ–ª–Ω–∏—Ç—å –∞–Ω–∫–µ—Ç—ã. –ï—Å–ª–∏ –∫–æ–º–ø–∞–Ω–∏—è –Ω–µ —Ä–∞—Å–∫—Ä—ã–ª–∞ –∏–Ω—Ñ–æ—Ä–º–∞—Ü–∏—é –æ —Å–µ–±–µ, –¥–ª—è –æ—Ü–µ–Ω–∫–∏ –ø—Ä–æ–¥–∞–∂ –º—ã –æ–ø–∏—Ä–∞–ª–∏—Å—å –Ω–∞ —Ü–∏—Ñ—Ä—ã –¶–∏–∞–Ω –∏ Dataflat.\n\n–î–∞–Ω–Ω—ã–µ –æ —Ç–µ–∫—É—â–µ–º –æ–±—ä–µ–º–µ –∑–∞—Å—Ç—Ä–æ–π–∫–∏ –ø—Ä–µ–¥–æ—Å—Ç–∞–≤–ª–µ–Ω—ã –ï–¥–∏–Ω—ã–º —Ä–µ—Å—É—Ä—Å–æ–º –∑–∞—Å—Ç—Ä–æ–π—â–∏–∫–æ–≤ (–ï–†–ó). –ò–Ω—Ñ–æ—Ä–º–∞—Ü–∏—è –æ –∫–æ–ª–∏—á–µ—Å—Ç–≤–µ –Ω–µ—Ä–∞—Å–ø—Ä–æ–¥–∞–Ω–Ω—ã—Ö –º–µ—Ç—Ä–æ–≤ –ø–æ–ª—É—á–µ–Ω–∞ –∏–∑ –ï–¥–∏–Ω–æ–π –∏–Ω—Ñ–æ—Ä–º–∞—Ü–∏–æ–Ω–Ω–æ–π —Å–∏—Å—Ç–µ–º—ã –∂–∏–ª–∏—â–Ω–æ–≥–æ —Å—Ç—Ä–æ–∏—Ç–µ–ª—å—Å—Ç–≤–∞ (–ï–ò–°–ñ–°). –°–≤–µ–¥–µ–Ω–∏—è –æ –ø—Ä–æ–µ–∫—Ç–∞—Ö, –∑–∞–ø—É—â–µ–Ω–Ω—ã—Ö –≤ 2024 –≥–æ–¥—É, –ø—Ä–µ–¥–æ—Å—Ç–∞–≤–ª–µ–Ω—ã –∞–Ω–∞–ª–∏—Ç–∏–∫–∞–º–∏ –ï–†–ó.\n\n–ö—Ç–æ –≤–æ—à–µ–ª –≤ —Ä–µ–π—Ç–∏–Ω–≥ —É–≤–µ—Ä–µ–Ω–Ω–æ—Å—Ç–∏ —Ä–æ—Å—Å–∏–π—Å–∫–∏—Ö –∑–∞—Å—Ç—Ä–æ–π—â–∏–∫–æ–≤ ‚Äî —á–∏—Ç–∞–π—Ç–µ –Ω–∞ —Å–∞–π—Ç–µ Forbes"",
  ""entities"": [
    {""entity"": ""–†–µ–π—Ç–∏–Ω–≥ —É–≤–µ—Ä–µ–Ω–Ω–æ—Å—Ç–∏ —Ä–æ—Å—Å–∏–π—Å–∫–∏—Ö –∑–∞—Å—Ç—Ä–æ–π—â–∏–∫–æ–≤ ‚Äî 2024"", ""types"": [""Title"", ""Event""]},
    {""entity"": ""Forbes"", ""types"": [""Organization"", ""Media""]},
    {""entity"": ""–¶–∏–∞–Ω"", ""types"": [""Organization"", ""Service""]},
    {""entity"": ""Dataflat"", ""types"": [""Organization"", ""Service""]},
    {""entity"": ""2023 –≥–æ–¥"", ""types"": [""Date""]},
    {""entity"": ""2024 –≥–æ–¥"", ""types"": [""Date""]},
    {""entity"": ""30 —Å–µ–Ω—Ç—è–±—Ä—è 2024 –≥–æ–¥–∞"", ""types"": [""Date""]},
    {""entity"": ""–ï–¥–∏–Ω—ã–π —Ä–µ—Å—É—Ä—Å –∑–∞—Å—Ç—Ä–æ–π—â–∏–∫–æ–≤"", ""types"": [""Organization""]},
    {""entity"": ""–ï–†–ó"", ""types"": [""Organization""]},
    {""entity"": ""–ï–¥–∏–Ω–∞—è –∏–Ω—Ñ–æ—Ä–º–∞—Ü–∏–æ–Ω–Ω–∞—è —Å–∏—Å—Ç–µ–º–∞ –∂–∏–ª–∏—â–Ω–æ–≥–æ —Å—Ç—Ä–æ–∏—Ç–µ–ª—å—Å—Ç–≤–∞"", ""types"": [""Organization""]},
    {""entity"": ""–ï–ò–°–ñ–°"", ""types"": [""Organization""]}
  ]
}
```","```json
{
  ""text"": ""Forbes published a new ranking of the confidence of Russian developers, based on data from Cian and Dataflat. The ranking includes top-20 developers for the \""mass housing\"" segment and top-10 for the \""business\"" and \""premium\"" segments. Companies were evaluated based on revenue and portfolio, each weighted equally at 0.5. Revenue criteria include sales in 2023 (0.3), first half of 2024 (0.3), and growth in the first half of 2024 compared to the first half of 2023 (0.4). Portfolio criteria include the area of objects under construction as of September 30, 2024 (0.2), unsold area (0.2), the ratio of unsold area to area under construction (0.2), and the area of new projects launched in 2024 (0.4). The ranking includes the top 10 companies in the mass housing segment and the top 5 in the business and premium segments. Data on current construction volume was provided by the Unified Resource of Developers (EPS), unsold area data from the Unified Information System of Housing Construction (EISHS), and information on projects launched in 2024 by EPS analysts."",
  ""entities"": [
    {""entity"": ""Forbes"", ""types"": [""Organization""]},
    {""entity"": ""Russian developers"", ""types"": [""Organization""]},
    {""entity"": ""Cian"", ""types"": [""Organization""]},
    {""entity"": ""Dataflat"", ""types"": [""Organization""]},
    {""entity"": ""mass housing"", ""types"": [""Housing Segment""]},
    {""entity"": ""business"", ""types"": [""Housing Segment""]},
    {""entity"": ""premium"", ""types"": [""Housing Segment""]},
    {""entity"": ""Unified Resource of Developers (EPS)"", ""types"": [""Organization""]},
    {""entity"": ""Unified Information System of Housing Construction (EISHS)"", ""types"": [""Organization""]},
    {""entity"": ""EPS analysts"", ""types"": [""Organization""]}
  ]
}
```",mistral-large-latest,2024-10-31 20:54:31
"–°–æ–≥–ª–∞—Å–Ω–æ –¥–∞–Ω–Ω—ã–º –æ–ø—Ä–æ—Å–∞ —Ä—É–∫–æ–≤–æ–¥–∏—Ç–µ–ª–µ–π IT-–Ω–∞–ø—Ä–∞–≤–ª–µ–Ω–∏–π –∫—Ä—É–ø–Ω–µ–π—à–∏—Ö —Ä–æ—Å—Å–∏–π—Å–∫–∏—Ö –∫–æ–º–ø–∞–Ω–∏–π, –∫–æ—Ç–æ—Ä—ã–π –ø—Ä–æ–≤–µ–ª —Ä–∞–∑—Ä–∞–±–æ—Ç—á–∏–∫ –ü–û Orion soft, 62% —Ç–∞–∫–∏—Ö –±–∏–∑–Ω–µ—Å–æ–≤ —Å—Ç–∞–ª–∫–∏–≤–∞—é—Ç—Å—è —Å –ø—Ä–æ–±–ª–µ–º–æ–π –Ω–µ—Å–æ–≤–º–µ—Å—Ç–∏–º–æ—Å—Ç–∏ —Ä–µ—à–µ–Ω–∏–π –ø—Ä–∏ –æ–±–µ—Å–ø–µ—á–µ–Ω–∏–∏ —Å–æ–≤–º–µ—Å—Ç–Ω–æ–π —Ä–∞–±–æ—Ç—ã –æ—Ç–µ—á–µ—Å—Ç–≤–µ–Ω–Ω—ã—Ö –∏ –∑–∞—Ä—É–±–µ–∂–Ω—ã—Ö –ø—Ä–æ–≥—Ä–∞–º–º–Ω—ã—Ö –ø—Ä–æ–¥—É–∫—Ç–æ–≤. –ü—Ä–∏ —ç—Ç–æ–º –¥–ª—è –ø–æ–ª–æ–≤–∏–Ω—ã —Ä–µ—Å–ø–æ–Ω–¥–µ–Ω—Ç–æ–≤ –æ—Å–Ω–æ–≤–Ω—ã–º —Å—Ç–∏–º—É–ª–æ–º –≤–Ω–µ–¥—Ä—è—Ç—å —Ä–æ—Å—Å–∏–π—Å–∫–∏–µ —Ä–µ—à–µ–Ω–∏—è –ø–æ-–ø—Ä–µ–∂–Ω–µ–º—É –æ—Å—Ç–∞—é—Ç—Å—è –≤–Ω–µ—à–Ω–∏–µ –æ–±—Å—Ç–æ—è—Ç–µ–ª—å—Å—Ç–≤–∞ ‚Äî —É—Ö–æ–¥ –∑–∞–ø–∞–¥–Ω—ã—Ö –≤–µ–Ω–¥–æ—Ä–æ–≤ –∏–∑ —Å—Ç—Ä–∞–Ω—ã –∏ –¥–∞–≤–ª–µ–Ω–∏–µ —Ä–µ–≥—É–ª—è—Ç–æ—Ä–æ–≤. 

¬´–ó–∞–ø–∞–¥–Ω—ã–µ –≤–µ–Ω–¥–æ—Ä—ã –¥–µ—Å—è—Ç–∫–∏ –ª–µ—Ç —Ñ–æ—Ä–º–∏—Ä–æ–≤–∞–ª–∏ –ø–∞—Ä—Ç–Ω–µ—Ä—Å–∫—É—é —Å–µ—Ç—å —Å–æ–≤–º–µ—Å—Ç–∏–º—ã—Ö —Ä–µ—à–µ–Ω–∏–π, —Ñ—É–Ω–∫—Ü–∏–æ–Ω–∞–ª—å–Ω–æ—Å—Ç—å –∫–æ—Ç–æ—Ä—ã—Ö –¥–æ–ø–æ–ª–Ω—è–ª–∞ –¥—Ä—É–≥ –¥—Ä—É–≥–∞. –û—Ç —Ä–æ—Å—Å–∏–π—Å–∫–∏—Ö –ø—Ä–æ–¥—É–∫—Ç–æ–≤ –∑–∞–∫–∞–∑—á–∏–∫–∏ —Å–µ–≥–æ–¥–Ω—è –∂–¥—É—Ç —Ç–æ–≥–æ –∂–µ. –ü–æ—ç—Ç–æ–º—É –¥–ª—è –≤–µ–Ω–¥–æ—Ä–æ–≤ –≤ –ø—Ä–∏–æ—Ä–∏—Ç–µ—Ç –≤—ã—Ö–æ–¥—è—Ç —Ç–µ—Ö–Ω–æ–ª–æ–≥–∏—á–µ—Å–∫–∏–µ –∫–æ–ª–ª–∞–±–æ—Ä–∞—Ü–∏–∏ ‚Äî –æ–Ω–∏ –ø–æ–º–æ–≥–∞—é—Ç –±—ã—Å—Ç—Ä–µ–µ –¥–æ—Å—Ç–∏—á—å —Ç–æ–π –ø–ª–∞–Ω–∫–∏ –∫–∞—á–µ—Å—Ç–≤–∞, –∫–æ—Ç–æ—Ä—É—é —É—Å—Ç–∞–Ω–æ–≤–∏–ª–∏ –∏–Ω–æ—Å—Ç—Ä–∞–Ω–Ω—ã–µ —Ä–∞–∑—Ä–∞–±–æ—Ç—á–∏–∫–∏¬ª, ‚Äî –≥–æ–≤–æ—Ä–∏—Ç –¥–∏—Ä–µ–∫—Ç–æ—Ä –ø–æ —Ä–∞–∑–≤–∏—Ç–∏—é –±–∏–∑–Ω–µ—Å–∞ Orion soft –ú–∞–∫—Å–∏–º –ë–µ—Ä–µ–∑–∏–Ω 

üì∏: Oli Scarff / Getty Images","62% –∫—Ä—É–ø–Ω–µ–π—à–∏—Ö —Ä–æ—Å—Å–∏–π—Å–∫–∏—Ö –∫–æ–º–ø–∞–Ω–∏–π —Å—Ç–∞–ª–∫–∏–≤–∞—é—Ç—Å—è —Å –Ω–µ—Å–æ–≤–º–µ—Å—Ç–∏–º–æ—Å—Ç—å—é –æ—Ç–µ—á–µ—Å—Ç–≤–µ–Ω–Ω—ã—Ö –∏ –∑–∞—Ä—É–±–µ–∂–Ω—ã—Ö –ø—Ä–æ–≥—Ä–∞–º–º–Ω—ã—Ö –ø—Ä–æ–¥—É–∫—Ç–æ–≤. –ü–æ–ª–æ–≤–∏–Ω–∞ —Ä–µ—Å–ø–æ–Ω–¥–µ–Ω—Ç–æ–≤ –≤–Ω–µ–¥—Ä—è–µ—Ç —Ä–æ—Å—Å–∏–π—Å–∫–∏–µ —Ä–µ—à–µ–Ω–∏—è –∏–∑-–∑–∞ —É—Ö–æ–¥–∞ –∑–∞–ø–∞–¥–Ω—ã—Ö –≤–µ–Ω–¥–æ—Ä–æ–≤ –∏ –¥–∞–≤–ª–µ–Ω–∏—è —Ä–µ–≥—É–ª—è—Ç–æ—Ä–æ–≤. –ó–∞–∫–∞–∑—á–∏–∫–∏ –æ–∂–∏–¥–∞—é—Ç –æ—Ç —Ä–æ—Å—Å–∏–π—Å–∫–∏—Ö –ø—Ä–æ–¥—É–∫—Ç–æ–≤ —Å–æ–≤–º–µ—Å—Ç–∏–º–æ—Å—Ç–∏ –∏ —Ñ—É–Ω–∫—Ü–∏–æ–Ω–∞–ª—å–Ω–æ—Å—Ç–∏, –∫–∞–∫ —É –∑–∞–ø–∞–¥–Ω—ã—Ö. –í–µ–Ω–¥–æ—Ä—ã –ø—Ä–∏–æ—Ä–∏—Ç–∏–∑–∏—Ä—É—é—Ç —Ç–µ—Ö–Ω–æ–ª–æ–≥–∏—á–µ—Å–∫–∏–µ –∫–æ–ª–ª–∞–±–æ—Ä–∞—Ü–∏–∏ –¥–ª—è –¥–æ—Å—Ç–∏–∂–µ–Ω–∏—è –≤—ã—Å–æ–∫–æ–≥–æ –∫–∞—á–µ—Å—Ç–≤–∞.","```json
{
  ""text"": ""–°–æ–≥–ª–∞—Å–Ω–æ –¥–∞–Ω–Ω—ã–º –æ–ø—Ä–æ—Å–∞ —Ä—É–∫–æ–≤–æ–¥–∏—Ç–µ–ª–µ–π IT-–Ω–∞–ø—Ä–∞–≤–ª–µ–Ω–∏–π –∫—Ä—É–ø–Ω–µ–π—à–∏—Ö —Ä–æ—Å—Å–∏–π—Å–∫–∏—Ö –∫–æ–º–ø–∞–Ω–∏–π, –∫–æ—Ç–æ—Ä—ã–π –ø—Ä–æ–≤–µ–ª —Ä–∞–∑—Ä–∞–±–æ—Ç—á–∏–∫ –ü–û Orion soft, 62% —Ç–∞–∫–∏—Ö –±–∏–∑–Ω–µ—Å–æ–≤ —Å—Ç–∞–ª–∫–∏–≤–∞—é—Ç—Å—è —Å –ø—Ä–æ–±–ª–µ–º–æ–π –Ω–µ—Å–æ–≤–º–µ—Å—Ç–∏–º–æ—Å—Ç–∏ —Ä–µ—à–µ–Ω–∏–π –ø—Ä–∏ –æ–±–µ—Å–ø–µ—á–µ–Ω–∏–∏ —Å–æ–≤–º–µ—Å—Ç–Ω–æ–π —Ä–∞–±–æ—Ç—ã –æ—Ç–µ—á–µ—Å—Ç–≤–µ–Ω–Ω—ã—Ö –∏ –∑–∞—Ä—É–±–µ–∂–Ω—ã—Ö –ø—Ä–æ–≥—Ä–∞–º–º–Ω—ã—Ö –ø—Ä–æ–¥—É–∫—Ç–æ–≤. –ü—Ä–∏ —ç—Ç–æ–º –¥–ª—è –ø–æ–ª–æ–≤–∏–Ω—ã —Ä–µ—Å–ø–æ–Ω–¥–µ–Ω—Ç–æ–≤ –æ—Å–Ω–æ–≤–Ω—ã–º —Å—Ç–∏–º—É–ª–æ–º –≤–Ω–µ–¥—Ä—è—Ç—å —Ä–æ—Å—Å–∏–π—Å–∫–∏–µ —Ä–µ—à–µ–Ω–∏—è –ø–æ-–ø—Ä–µ–∂–Ω–µ–º—É –æ—Å—Ç–∞—é—Ç—Å—è –≤–Ω–µ—à–Ω–∏–µ –æ–±—Å—Ç–æ—è—Ç–µ–ª—å—Å—Ç–≤–∞ ‚Äî —É—Ö–æ–¥ –∑–∞–ø–∞–¥–Ω—ã—Ö –≤–µ–Ω–¥–æ—Ä–æ–≤ –∏–∑ —Å—Ç—Ä–∞–Ω—ã –∏ –¥–∞–≤–ª–µ–Ω–∏–µ —Ä–µ–≥—É–ª—è—Ç–æ—Ä–æ–≤. ¬´–ó–∞–ø–∞–¥–Ω—ã–µ –≤–µ–Ω–¥–æ—Ä—ã –¥–µ—Å—è—Ç–∫–∏ –ª–µ—Ç —Ñ–æ—Ä–º–∏—Ä–æ–≤–∞–ª–∏ –ø–∞—Ä—Ç–Ω–µ—Ä—Å–∫—É—é —Å–µ—Ç—å —Å–æ–≤–º–µ—Å—Ç–∏–º—ã—Ö —Ä–µ—à–µ–Ω–∏–π, —Ñ—É–Ω–∫—Ü–∏–æ–Ω–∞–ª—å–Ω–æ—Å—Ç—å –∫–æ—Ç–æ—Ä—ã—Ö –¥–æ–ø–æ–ª–Ω—è–ª–∞ –¥—Ä—É–≥ –¥—Ä—É–≥–∞. –û—Ç —Ä–æ—Å—Å–∏–π—Å–∫–∏—Ö –ø—Ä–æ–¥—É–∫—Ç–æ–≤ –∑–∞–∫–∞–∑—á–∏–∫–∏ —Å–µ–≥–æ–¥–Ω—è –∂–¥—É—Ç —Ç–æ–≥–æ –∂–µ. –ü–æ—ç—Ç–æ–º—É –¥–ª—è –≤–µ–Ω–¥–æ—Ä–æ–≤ –≤ –ø—Ä–∏–æ—Ä–∏—Ç–µ—Ç –≤—ã—Ö–æ–¥—è—Ç —Ç–µ—Ö–Ω–æ–ª–æ–≥–∏—á–µ—Å–∫–∏–µ –∫–æ–ª–ª–∞–±–æ—Ä–∞—Ü–∏–∏ ‚Äî –æ–Ω–∏ –ø–æ–º–æ–≥–∞—é—Ç –±—ã—Å—Ç—Ä–µ–µ –¥–æ—Å—Ç–∏—á—å —Ç–æ–π –ø–ª–∞–Ω–∫–∏ –∫–∞—á–µ—Å—Ç–≤–∞, –∫–æ—Ç–æ—Ä—É—é —É—Å—Ç–∞–Ω–æ–≤–∏–ª–∏ –∏–Ω–æ—Å—Ç—Ä–∞–Ω–Ω—ã–µ —Ä–∞–∑—Ä–∞–±–æ—Ç—á–∏–∫–∏¬ª, ‚Äî –≥–æ–≤–æ—Ä–∏—Ç –¥–∏—Ä–µ–∫—Ç–æ—Ä –ø–æ —Ä–∞–∑–≤–∏—Ç–∏—é –±–∏–∑–Ω–µ—Å–∞ Orion soft –ú–∞–∫—Å–∏–º –ë–µ—Ä–µ–∑–∏–Ω. üì∏: Oli Scarff / Getty Images"",
  ""entities"": [
    {""entity"": ""Orion soft"", ""types"": [""organization""]},
    {""entity"": ""–ú–∞–∫—Å–∏–º –ë–µ—Ä–µ–∑–∏–Ω"", ""types"": [""person""]},
    {""entity"": ""Oli Scarff"", ""types"": [""person""]},
    {""entity"": ""Getty Images"", ""types"": [""organization""]}
  ]
}
```","```json
{
  ""text"": ""62% –∫—Ä—É–ø–Ω–µ–π—à–∏—Ö —Ä–æ—Å—Å–∏–π—Å–∫–∏—Ö –∫–æ–º–ø–∞–Ω–∏–π —Å—Ç–∞–ª–∫–∏–≤–∞—é—Ç—Å—è —Å –Ω–µ—Å–æ–≤–º–µ—Å—Ç–∏–º–æ—Å—Ç—å—é –æ—Ç–µ—á–µ—Å—Ç–≤–µ–Ω–Ω—ã—Ö –∏ –∑–∞—Ä—É–±–µ–∂–Ω—ã—Ö –ø—Ä–æ–≥—Ä–∞–º–º–Ω—ã—Ö –ø—Ä–æ–¥—É–∫—Ç–æ–≤. –ü–æ–ª–æ–≤–∏–Ω–∞ —Ä–µ—Å–ø–æ–Ω–¥–µ–Ω—Ç–æ–≤ –≤–Ω–µ–¥—Ä—è–µ—Ç —Ä–æ—Å—Å–∏–π—Å–∫–∏–µ —Ä–µ—à–µ–Ω–∏—è –∏–∑-–∑–∞ —É—Ö–æ–¥–∞ –∑–∞–ø–∞–¥–Ω—ã—Ö –≤–µ–Ω–¥–æ—Ä–æ–≤ –∏ –¥–∞–≤–ª–µ–Ω–∏—è —Ä–µ–≥—É–ª—è—Ç–æ—Ä–æ–≤. –ó–∞–∫–∞–∑—á–∏–∫–∏ –æ–∂–∏–¥–∞—é—Ç –æ—Ç —Ä–æ—Å—Å–∏–π—Å–∫–∏—Ö –ø—Ä–æ–¥—É–∫—Ç–æ–≤ —Å–æ–≤–º–µ—Å—Ç–∏–º–æ—Å—Ç–∏ –∏ —Ñ—É–Ω–∫—Ü–∏–æ–Ω–∞–ª—å–Ω–æ—Å—Ç–∏, –∫–∞–∫ —É –∑–∞–ø–∞–¥–Ω—ã—Ö. –í–µ–Ω–¥–æ—Ä—ã –ø—Ä–∏–æ—Ä–∏—Ç–∏–∑–∏—Ä—É—é—Ç —Ç–µ—Ö–Ω–æ–ª–æ–≥–∏—á–µ—Å–∫–∏–µ –∫–æ–ª–ª–∞–±–æ—Ä–∞—Ü–∏–∏ –¥–ª—è –¥–æ—Å—Ç–∏–∂–µ–Ω–∏—è –≤—ã—Å–æ–∫–æ–≥–æ –∫–∞—á–µ—Å—Ç–≤–∞."",
  ""entities"": [
    {""entity"": ""62% –∫—Ä—É–ø–Ω–µ–π—à–∏—Ö —Ä–æ—Å—Å–∏–π—Å–∫–∏—Ö –∫–æ–º–ø–∞–Ω–∏–π"", ""types"": [""Percentage"", ""Organization""]},
    {""entity"": ""—Ä–æ—Å—Å–∏–π—Å–∫–∏—Ö –∫–æ–º–ø–∞–Ω–∏–π"", ""types"": [""Organization""]},
    {""entity"": ""–æ—Ç–µ—á–µ—Å—Ç–≤–µ–Ω–Ω—ã—Ö –∏ –∑–∞—Ä—É–±–µ–∂–Ω—ã—Ö –ø—Ä–æ–≥—Ä–∞–º–º–Ω—ã—Ö –ø—Ä–æ–¥—É–∫—Ç–æ–≤"", ""types"": [""Product""]},
    {""entity"": ""–æ—Ç–µ—á–µ—Å—Ç–≤–µ–Ω–Ω—ã—Ö"", ""types"": [""Product""]},
    {""entity"": ""–∑–∞—Ä—É–±–µ–∂–Ω—ã—Ö –ø—Ä–æ–≥—Ä–∞–º–º–Ω—ã—Ö –ø—Ä–æ–¥—É–∫—Ç–æ–≤"", ""types"": [""Product""]},
    {""entity"": ""–ü–æ–ª–æ–≤–∏–Ω–∞ —Ä–µ—Å–ø–æ–Ω–¥–µ–Ω—Ç–æ–≤"", ""types"": [""Percentage""]},
    {""entity"": ""—Ä–æ—Å—Å–∏–π—Å–∫–∏–µ —Ä–µ—à–µ–Ω–∏—è"", ""types"": [""Product""]},
    {""entity"": ""–∑–∞–ø–∞–¥–Ω—ã—Ö –≤–µ–Ω–¥–æ—Ä–æ–≤"", ""types"": [""Organization""]},
    {""entity"": ""—Ä–µ–≥—É–ª—è—Ç–æ—Ä–æ–≤"", ""types"": [""Organization""]},
    {""entity"": ""–ó–∞–∫–∞–∑—á–∏–∫–∏"", ""types"": [""Organization""]},
    {""entity"": ""—Ä–æ—Å—Å–∏–π—Å–∫–∏—Ö –ø—Ä–æ–¥—É–∫—Ç–æ–≤"", ""types"": [""Product""]},
    {""entity"": ""–∑–∞–ø–∞–¥–Ω—ã—Ö"", ""types"": [""Product""]},
    {""entity"": ""–í–µ–Ω–¥–æ—Ä—ã"", ""types"": [""Organization""]},
    {""entity"": ""—Ç–µ—Ö–Ω–æ–ª–æ–≥–∏—á–µ—Å–∫–∏–µ –∫–æ–ª–ª–∞–±–æ—Ä–∞—Ü–∏–∏"", ""types"": [""Concept""]},
    {""entity"": ""–≤—ã—Å–æ–∫–æ–≥–æ –∫–∞—á–µ—Å—Ç–≤–∞"", ""types"": [""Concept""]}
  ]
}
```",mistral-large-latest,2024-10-31 20:56:03
"–†–æ—Å—Å–∏–π—Å–∫–∏–µ –≤–ª–∞—Å—Ç–∏ —Å–æ–æ–±—â–∏–ª–∏ –æ–± –∞—Ç–∞–∫–µ ¬´–±–µ—Å–ø–∏–ª–æ—Ç–Ω–∏–∫–æ–≤-–∫–∞–º–∏–∫–∞–¥–∑–µ¬ª –í–°–£ –Ω–∞ –ø–æ—Ä—Ç –ë–µ—Ä–¥—è–Ω—Å–∫–∞ –≤ –ó–∞–ø–æ—Ä–æ–∂—Å–∫–æ–π –æ–±–ª–∞—Å—Ç–∏. –í —Ä–µ–∑—É–ª—å—Ç–∞—Ç–µ –Ω–µ –º–µ–Ω–µ–µ —Ç—Ä–µ—Ö —á–µ–ª–æ–≤–µ–∫ —Å —Ä–∞–Ω–µ–Ω–∏—è–º–∏ –¥–æ—Å—Ç–∞–≤–ª–µ–Ω—ã –≤ –±–æ–ª—å–Ω–∏—Ü—ã. –£–∫—Ä–∞–∏–Ω—Å–∫–∏–µ –≤–ª–∞—Å—Ç–∏ —Å–æ–æ–±—â–∏–ª–∏ –æ –≤–∑—Ä—ã–≤–µ –≤ –¥–µ–≤—è—Ç–∏—ç—Ç–∞–∂–Ω–æ–º –∂–∏–ª–æ–º –¥–æ–º–µ –ø—Ä–∏ –∞—Ç–∞–∫–µ –Ω–∞ –•–∞—Ä—å–∫–æ–≤, –≤ —Ä–µ–∑—É–ª—å—Ç–∞—Ç–µ –∫–æ—Ç–æ—Ä–æ–≥–æ –ø–æ–≥–∏–± —Ä–µ–±–µ–Ω–æ–∫ –∏ 35 —á–µ–ª–æ–≤–µ–∫ –±—ã–ª–∏ —Ä–∞–Ω–µ–Ω—ã. –ú–∏–Ω–æ–±–æ—Ä–æ–Ω—ã –†–æ—Å—Å–∏–∏ —É—Ç—Ä–æ–º 31 –æ–∫—Ç—è–±—Ä—è –æ–± —É–¥–∞—Ä–∞—Ö —Ä–æ—Å—Å–∏–π—Å–∫–∏—Ö –í–æ–æ—Ä—É–∂–µ–Ω–Ω—ã—Ö —Å–∏–ª –ø–æ —É–∫—Ä–∞–∏–Ω—Å–∫–∏–º –≥–æ—Ä–æ–¥–∞–º –Ω–µ —Å–æ–æ–±—â–∞–ª–æ","–†–æ—Å—Å–∏–π—Å–∫–∏–µ –≤–ª–∞—Å—Ç–∏ —Å–æ–æ–±—â–∏–ª–∏ –æ–± –∞—Ç–∞–∫–µ –±–µ—Å–ø–∏–ª–æ—Ç–Ω–∏–∫–æ–≤ –í–°–£ –Ω–∞ –ø–æ—Ä—Ç –ë–µ—Ä–¥—è–Ω—Å–∫–∞, –≤ —Ä–µ–∑—É–ª—å—Ç–∞—Ç–µ –∫–æ—Ç–æ—Ä–æ–π –ø–æ—Å—Ç—Ä–∞–¥–∞–ª–∏ –Ω–µ –º–µ–Ω–µ–µ —Ç—Ä–µ—Ö —á–µ–ª–æ–≤–µ–∫. –£–∫—Ä–∞–∏–Ω—Å–∫–∏–µ –≤–ª–∞—Å—Ç–∏ —Å–æ–æ–±—â–∏–ª–∏ –æ –≤–∑—Ä—ã–≤–µ –≤ –∂–∏–ª–æ–º –¥–æ–º–µ –≤ –•–∞—Ä—å–∫–æ–≤–µ, –≥–¥–µ –ø–æ–≥–∏–± —Ä–µ–±–µ–Ω–æ–∫ –∏ 35 —á–µ–ª–æ–≤–µ–∫ –ø–æ–ª—É—á–∏–ª–∏ —Ä–∞–Ω–µ–Ω–∏—è. –ú–∏–Ω–æ–±–æ—Ä–æ–Ω—ã –†–æ—Å—Å–∏–∏ –Ω–µ —Å–æ–æ–±—â–∞–ª–æ –æ–± —É–¥–∞—Ä–∞—Ö –ø–æ —É–∫—Ä–∞–∏–Ω—Å–∫–∏–º –≥–æ—Ä–æ–¥–∞–º —É—Ç—Ä–æ–º 31 –æ–∫—Ç—è–±—Ä—è.","```json
{
  ""text"": ""–†–æ—Å—Å–∏–π—Å–∫–∏–µ –≤–ª–∞—Å—Ç–∏ —Å–æ–æ–±—â–∏–ª–∏ –æ–± –∞—Ç–∞–∫–µ ¬´–±–µ—Å–ø–∏–ª–æ—Ç–Ω–∏–∫–æ–≤-–∫–∞–º–∏–∫–∞–¥–∑–µ¬ª –í–°–£ –Ω–∞ –ø–æ—Ä—Ç –ë–µ—Ä–¥—è–Ω—Å–∫–∞ –≤ –ó–∞–ø–æ—Ä–æ–∂—Å–∫–æ–π –æ–±–ª–∞—Å—Ç–∏. –í —Ä–µ–∑—É–ª—å—Ç–∞—Ç–µ –Ω–µ –º–µ–Ω–µ–µ —Ç—Ä–µ—Ö —á–µ–ª–æ–≤–µ–∫ —Å —Ä–∞–Ω–µ–Ω–∏—è–º–∏ –¥–æ—Å—Ç–∞–≤–ª–µ–Ω—ã –≤ –±–æ–ª—å–Ω–∏—Ü—ã. –£–∫—Ä–∞–∏–Ω—Å–∫–∏–µ –≤–ª–∞—Å—Ç–∏ —Å–æ–æ–±—â–∏–ª–∏ –æ –≤–∑—Ä—ã–≤–µ –≤ –¥–µ–≤—è—Ç–∏—ç—Ç–∞–∂–Ω–æ–º –∂–∏–ª–æ–º –¥–æ–º–µ –ø—Ä–∏ –∞—Ç–∞–∫–µ –Ω–∞ –•–∞—Ä—å–∫–æ–≤, –≤ —Ä–µ–∑—É–ª—å—Ç–∞—Ç–µ –∫–æ—Ç–æ—Ä–æ–≥–æ –ø–æ–≥–∏–± —Ä–µ–±–µ–Ω–æ–∫ –∏ 35 —á–µ–ª–æ–≤–µ–∫ –±—ã–ª–∏ —Ä–∞–Ω–µ–Ω—ã. –ú–∏–Ω–æ–±–æ—Ä–æ–Ω—ã –†–æ—Å—Å–∏–∏ —É—Ç—Ä–æ–º 31 –æ–∫—Ç—è–±—Ä—è –æ–± —É–¥–∞—Ä–∞—Ö —Ä–æ—Å—Å–∏–π—Å–∫–∏—Ö –í–æ–æ—Ä—É–∂–µ–Ω–Ω—ã—Ö —Å–∏–ª –ø–æ —É–∫—Ä–∞–∏–Ω—Å–∫–∏–º –≥–æ—Ä–æ–¥–∞–º –Ω–µ —Å–æ–æ–±—â–∞–ª–æ"",
  ""entities"": [
    {""entity"": ""–†–æ—Å—Å–∏–π—Å–∫–∏–µ –≤–ª–∞—Å—Ç–∏"", ""types"": [""ORGANIZATION""]},
    {""entity"": ""¬´–±–µ—Å–ø–∏–ª–æ—Ç–Ω–∏–∫–æ–≤-–∫–∞–º–∏–∫–∞–¥–∑–µ¬ª"", ""types"": [""WEAPON""]},
    {""entity"": ""–í–°–£"", ""types"": [""ORGANIZATION""]},
    {""entity"": ""–ø–æ—Ä—Ç –ë–µ—Ä–¥—è–Ω—Å–∫–∞"", ""types"": [""LOCATION""]},
    {""entity"": ""–ó–∞–ø–æ—Ä–æ–∂—Å–∫–∞—è –æ–±–ª–∞—Å—Ç—å"", ""types"": [""LOCATION""]},
    {""entity"": ""–£–∫—Ä–∞–∏–Ω—Å–∫–∏–µ –≤–ª–∞—Å—Ç–∏"", ""types"": [""ORGANIZATION""]},
    {""entity"": ""–•–∞—Ä—å–∫–æ–≤"", ""types"": [""LOCATION""]},
    {""entity"": ""–ú–∏–Ω–æ–±–æ—Ä–æ–Ω—ã –†–æ—Å—Å–∏–∏"", ""types"": [""ORGANIZATION""]},
    {""entity"": ""31 –æ–∫—Ç—è–±—Ä—è"", ""types"": [""DATE""]},
    {""entity"": ""—Ä–æ—Å—Å–∏–π—Å–∫–∏—Ö –í–æ–æ—Ä—É–∂–µ–Ω–Ω—ã—Ö —Å–∏–ª"", ""types"": [""ORGANIZATION""]},
    {""entity"": ""—É–∫—Ä–∞–∏–Ω—Å–∫–∏–º –≥–æ—Ä–æ–¥–∞–º"", ""types"": [""LOCATION""]}
  ]
}
```","```json
{
  ""text"": ""–†–æ—Å—Å–∏–π—Å–∫–∏–µ –≤–ª–∞—Å—Ç–∏ —Å–æ–æ–±—â–∏–ª–∏ –æ–± –∞—Ç–∞–∫–µ –±–µ—Å–ø–∏–ª–æ—Ç–Ω–∏–∫–æ–≤ –í–°–£ –Ω–∞ –ø–æ—Ä—Ç –ë–µ—Ä–¥—è–Ω—Å–∫–∞, –≤ —Ä–µ–∑—É–ª—å—Ç–∞—Ç–µ –∫–æ—Ç–æ—Ä–æ–π –ø–æ—Å—Ç—Ä–∞–¥–∞–ª–∏ –Ω–µ –º–µ–Ω–µ–µ —Ç—Ä–µ—Ö —á–µ–ª–æ–≤–µ–∫. –£–∫—Ä–∞–∏–Ω—Å–∫–∏–µ –≤–ª–∞—Å—Ç–∏ —Å–æ–æ–±—â–∏–ª–∏ –æ –≤–∑—Ä—ã–≤–µ –≤ –∂–∏–ª–æ–º –¥–æ–º–µ –≤ –•–∞—Ä—å–∫–æ–≤–µ, –≥–¥–µ –ø–æ–≥–∏–± —Ä–µ–±–µ–Ω–æ–∫ –∏ 35 —á–µ–ª–æ–≤–µ–∫ –ø–æ–ª—É—á–∏–ª–∏ —Ä–∞–Ω–µ–Ω–∏—è. –ú–∏–Ω–æ–±–æ—Ä–æ–Ω—ã –†–æ—Å—Å–∏–∏ –Ω–µ —Å–æ–æ–±—â–∞–ª–æ –æ–± —É–¥–∞—Ä–∞—Ö –ø–æ —É–∫—Ä–∞–∏–Ω—Å–∫–∏–º –≥–æ—Ä–æ–¥–∞–º —É—Ç—Ä–æ–º 31 –æ–∫—Ç—è–±—Ä—è."",
  ""entities"": [
    {""entity"": ""–†–æ—Å—Å–∏–π—Å–∫–∏–µ –≤–ª–∞—Å—Ç–∏"", ""types"": [""ORGANIZATION"", ""GOVERNMENT""]},
    {""entity"": ""–í–°–£"", ""types"": [""ORGANIZATION"", ""MILITARY""]},
    {""entity"": ""–ø–æ—Ä—Ç –ë–µ—Ä–¥—è–Ω—Å–∫–∞"", ""types"": [""LOCATION""]},
    {""entity"": ""–£–∫—Ä–∞–∏–Ω—Å–∫–∏–µ –≤–ª–∞—Å—Ç–∏"", ""types"": [""ORGANIZATION"", ""GOVERNMENT""]},
    {""entity"": ""–∂–∏–ª–æ–º –¥–æ–º–µ"", ""types"": [""LOCATION""]},
    {""entity"": ""–•–∞—Ä—å–∫–æ–≤–µ"", ""types"": [""LOCATION""]},
    {""entity"": ""—Ä–µ–±–µ–Ω–æ–∫"", ""types"": [""PERSON""]},
    {""entity"": ""35 —á–µ–ª–æ–≤–µ–∫"", ""types"": [""QUANTITY""]},
    {""entity"": ""–ú–∏–Ω–æ–±–æ—Ä–æ–Ω—ã –†–æ—Å—Å–∏–∏"", ""types"": [""ORGANIZATION"", ""GOVERNMENT""]},
    {""entity"": ""—É–∫—Ä–∞–∏–Ω—Å–∫–∏–º –≥–æ—Ä–æ–¥–∞–º"", ""types"": [""LOCATION""]},
    {""entity"": ""31 –æ–∫—Ç—è–±—Ä—è"", ""types"": [""DATE""]}
  ]
}
```",mistral-large-latest,2024-10-31 20:57:08
"–†–æ—Å—Å–∏–π—Å–∫–∏–µ —É—á–µ–Ω—ã–µ –æ–±—É—á–∏–ª–∏ –ò–ò —Ç–æ—á–Ω–µ–µ —Ä–∞—Å–ø–æ–∑–Ω–∞–≤–∞—Ç—å –Ω–µ–∏–∑–≤–µ—Å—Ç–Ω—ã–µ –æ–±—ä–µ–∫—Ç—ã –Ω–∞ —Ñ–æ—Ç–æ

–£—á–µ–Ω—ã–µ –∏–∑ –ª–∞–±–æ—Ä–∞—Ç–æ—Ä–∏–∏ –∏—Å—Å–ª–µ–¥–æ–≤–∞–Ω–∏–π –∏—Å–∫—É—Å—Å—Ç–≤–µ–Ω–Ω–æ–≥–æ –∏–Ω—Ç–µ–ª–ª–µ–∫—Ç–∞ T-Bank AI Research —Å–æ–≤–º–µ—Å—Ç–Ω–æ —Å–æ —Å—Ç—É–¥–µ–Ω—Ç–∞–º–∏ –£–Ω–∏–≤–µ—Ä—Å–∏—Ç–µ—Ç–∞ –ú–ò–°–ò–° –∏ –ú–§–¢–ò —Ä–∞–∑—Ä–∞–±–æ—Ç–∞–ª–∏ –Ω–æ–≤—ã–π –º–µ—Ç–æ–¥, –∫–æ—Ç–æ—Ä—ã–π –ø–æ–º–æ–≥–∞–µ—Ç –ò–ò —Ç–æ—á–Ω–µ–µ —Ä–∞—Å–ø–æ–∑–Ω–∞–≤–∞—Ç—å –Ω–∞ —Ñ–æ—Ç–æ–≥—Ä–∞—Ñ–∏—è—Ö —Ä–∞–Ω–µ–µ –Ω–µ–∏–∑–≤–µ—Å—Ç–Ω—ã–µ –µ–º—É –æ–±—ä–µ–∫—Ç—ã. 

–û—Ç–∫—Ä—ã—Ç–∏–µ –±—ã–ª–æ –ø—Ä–µ–¥—Å—Ç–∞–≤–ª–µ–Ω–æ –Ω–∞ –ú–µ–∂–¥—É–Ω–∞—Ä–æ–¥–Ω–æ–π –∫–æ–Ω—Ñ–µ—Ä–µ–Ω—Ü–∏–∏ –ø–æ –æ–±—Ä–∞–±–æ—Ç–∫–µ –∏–∑–æ–±—Ä–∞–∂–µ–Ω–∏–π (IEEE ICIP) –≤ –ê–±—É-–î–∞–±–∏ –≤ –∫–æ–Ω—Ü–µ –æ–∫—Ç—è–±—Ä—è 2024 –≥–æ–¥–∞ ‚Äî —ç—Ç–æ –æ–¥–Ω–∞ –∏–∑ –∫—Ä—É–ø–Ω–µ–π—à–∏—Ö –Ω–∞—É—á–Ω—ã—Ö –∫–æ–Ω—Ñ–µ—Ä–µ–Ω—Ü–∏–π, –ø–æ—Å–≤—è—â–µ–Ω–Ω—ã—Ö –æ–±—Ä–∞–±–æ—Ç–∫–µ –∏–∑–æ–±—Ä–∞–∂–µ–Ω–∏–π –∏ –≤–∏–¥–µ–æ, –∞ —Ç–∞–∫–∂–µ –∫–æ–º–ø—å—é—Ç–µ—Ä–Ω–æ–º—É –∑—Ä–µ–Ω–∏—é.

–†–∏—Å–∫ –æ—à–∏–±–∫–∏ –ø—Ä–∏ –æ–±—Ä–∞–±–æ—Ç–∫–µ –∏ –∞–Ω–∞–ª–∏–∑–µ –∏–∑–æ–±—Ä–∞–∂–µ–Ω–∏–π —Å–Ω–∏–∑–∏–ª—Å—è –±–æ–ª–µ–µ —á–µ–º –Ω–∞ 20%, —á—Ç–æ —É–º–µ–Ω—å—à–∞–µ—Ç –Ω–µ–æ–±—Ö–æ–¥–∏–º–æ—Å—Ç—å –ø–µ—Ä–µ–ø—Ä–æ–≤–µ—Ä–∫–∏ –∏ –∏—Å–ø—Ä–∞–≤–ª–µ–Ω–∏—è –Ω–µ–≤–µ—Ä–Ω—ã—Ö —Ä–µ—à–µ–Ω–∏–π —á–µ–ª–æ–≤–µ–∫–æ–º. –í –ø–µ—Ä—Å–ø–µ–∫—Ç–∏–≤–µ –º–µ—Ç–æ–¥ –ø–æ–º–æ–∂–µ—Ç —Ä–∞–∑–≤–∏—Ç—å —Å—Ñ–µ—Ä—É –±–µ—Å–ø–∏–ª–æ—Ç–Ω—ã—Ö —Ç—Ä–∞–Ω—Å–ø–æ—Ä—Ç–Ω—ã—Ö —Å—Ä–µ–¥—Å—Ç–≤ –∏ –º–µ–¥–∏—Ü–∏–Ω—Å–∫–æ–π –¥–∏–∞–≥–Ω–æ—Å—Ç–∏–∫–∏, —Ä–∞—Å—Å—á–∏—Ç—ã–≤–∞—é—Ç –≤ –¢-–ë–∞–Ω–∫–µ. 

–ü–æ–¥—Ä–æ–±–Ω–æ—Å—Ç–∏ –Ω–∞ —Å–∞–π—Ç–µ

üì∏: Analytics Vidhya","Russian scientists developed a new method for AI to more accurately recognize unknown objects in photos. The method was presented at the International Conference on Image Processing in Abu Dhabi in October 2024. It reduces the error rate in image processing by over 20%, minimizing human intervention. The method has potential applications in autonomous vehicles and medical diagnostics.","```json
{
  ""text"": ""–†–æ—Å—Å–∏–π—Å–∫–∏–µ —É—á–µ–Ω—ã–µ –æ–±—É—á–∏–ª–∏ –ò–ò —Ç–æ—á–Ω–µ–µ —Ä–∞—Å–ø–æ–∑–Ω–∞–≤–∞—Ç—å –Ω–µ–∏–∑–≤–µ—Å—Ç–Ω—ã–µ –æ–±—ä–µ–∫—Ç—ã –Ω–∞ —Ñ–æ—Ç–æ –£—á–µ–Ω—ã–µ –∏–∑ –ª–∞–±–æ—Ä–∞—Ç–æ—Ä–∏–∏ –∏—Å—Å–ª–µ–¥–æ–≤–∞–Ω–∏–π –∏—Å–∫—É—Å—Å—Ç–≤–µ–Ω–Ω–æ–≥–æ –∏–Ω—Ç–µ–ª–ª–µ–∫—Ç–∞ T-Bank AI Research —Å–æ–≤–º–µ—Å—Ç–Ω–æ —Å–æ —Å—Ç—É–¥–µ–Ω—Ç–∞–º–∏ –£–Ω–∏–≤–µ—Ä—Å–∏—Ç–µ—Ç–∞ –ú–ò–°–ò–° –∏ –ú–§–¢–ò —Ä–∞–∑—Ä–∞–±–æ—Ç–∞–ª–∏ –Ω–æ–≤—ã–π –º–µ—Ç–æ–¥, –∫–æ—Ç–æ—Ä—ã–π –ø–æ–º–æ–≥–∞–µ—Ç –ò–ò —Ç–æ—á–Ω–µ–µ —Ä–∞—Å–ø–æ–∑–Ω–∞–≤–∞—Ç—å –Ω–∞ —Ñ–æ—Ç–æ–≥—Ä–∞—Ñ–∏—è—Ö —Ä–∞–Ω–µ–µ –Ω–µ–∏–∑–≤–µ—Å—Ç–Ω—ã–µ –µ–º—É –æ–±—ä–µ–∫—Ç—ã. –û—Ç–∫—Ä—ã—Ç–∏–µ –±—ã–ª–æ –ø—Ä–µ–¥—Å—Ç–∞–≤–ª–µ–Ω–æ –Ω–∞ –ú–µ–∂–¥—É–Ω–∞—Ä–æ–¥–Ω–æ–π –∫–æ–Ω—Ñ–µ—Ä–µ–Ω—Ü–∏–∏ –ø–æ –æ–±—Ä–∞–±–æ—Ç–∫–µ –∏–∑–æ–±—Ä–∞–∂–µ–Ω–∏–π (IEEE ICIP) –≤ –ê–±—É-–î–∞–±–∏ –≤ –∫–æ–Ω—Ü–µ –æ–∫—Ç—è–±—Ä—è 2024 –≥–æ–¥–∞ ‚Äî —ç—Ç–æ –æ–¥–Ω–∞ –∏–∑ –∫—Ä—É–ø–Ω–µ–π—à–∏—Ö –Ω–∞—É—á–Ω—ã—Ö –∫–æ–Ω—Ñ–µ—Ä–µ–Ω—Ü–∏–π, –ø–æ—Å–≤—è—â–µ–Ω–Ω—ã—Ö –æ–±—Ä–∞–±–æ—Ç–∫–µ –∏–∑–æ–±—Ä–∞–∂–µ–Ω–∏–π –∏ –≤–∏–¥–µ–æ, –∞ —Ç–∞–∫–∂–µ –∫–æ–º–ø—å—é—Ç–µ—Ä–Ω–æ–º—É –∑—Ä–µ–Ω–∏—é. –†–∏—Å–∫ –æ—à–∏–±–∫–∏ –ø—Ä–∏ –æ–±—Ä–∞–±–æ—Ç–∫–µ –∏ –∞–Ω–∞–ª–∏–∑–µ –∏–∑–æ–±—Ä–∞–∂–µ–Ω–∏–π —Å–Ω–∏–∑–∏–ª—Å—è –±–æ–ª–µ–µ —á–µ–º –Ω–∞ 20%, —á—Ç–æ —É–º–µ–Ω—å—à–∞–µ—Ç –Ω–µ–æ–±—Ö–æ–¥–∏–º–æ—Å—Ç—å –ø–µ—Ä–µ–ø—Ä–æ–≤–µ—Ä–∫–∏ –∏ –∏—Å–ø—Ä–∞–≤–ª–µ–Ω–∏—è –Ω–µ–≤–µ—Ä–Ω—ã—Ö —Ä–µ—à–µ–Ω–∏–π —á–µ–ª–æ–≤–µ–∫–æ–º. –í –ø–µ—Ä—Å–ø–µ–∫—Ç–∏–≤–µ –º–µ—Ç–æ–¥ –ø–æ–º–æ–∂–µ—Ç —Ä–∞–∑–≤–∏—Ç—å —Å—Ñ–µ—Ä—É –±–µ—Å–ø–∏–ª–æ—Ç–Ω—ã—Ö —Ç—Ä–∞–Ω—Å–ø–æ—Ä—Ç–Ω—ã—Ö —Å—Ä–µ–¥—Å—Ç–≤ –∏ –º–µ–¥–∏—Ü–∏–Ω—Å–∫–æ–π –¥–∏–∞–≥–Ω–æ—Å—Ç–∏–∫–∏, —Ä–∞—Å—Å—á–∏—Ç—ã–≤–∞—é—Ç –≤ –¢-–ë–∞–Ω–∫–µ. –ü–æ–¥—Ä–æ–±–Ω–æ—Å—Ç–∏ –Ω–∞ —Å–∞–π—Ç–µ üì∏: Analytics Vidhya"",
  ""entities"": [
    {
      ""entity"": ""–†–æ—Å—Å–∏–π—Å–∫–∏–µ —É—á–µ–Ω—ã–µ"",
      ""types"": [""ORGANIZATION""]
    },
    {
      ""entity"": ""–ò–ò"",
      ""types"": [""TECHNOLOGY""]
    },
    {
      ""entity"": ""–ª–∞–±–æ—Ä–∞—Ç–æ—Ä–∏–∏ –∏—Å—Å–ª–µ–¥–æ–≤–∞–Ω–∏–π –∏—Å–∫—É—Å—Å—Ç–≤–µ–Ω–Ω–æ–≥–æ –∏–Ω—Ç–µ–ª–ª–µ–∫—Ç–∞"",
      ""types"": [""ORGANIZATION""]
    },
    {
      ""entity"": ""T-Bank AI Research"",
      ""types"": [""ORGANIZATION""]
    },
    {
      ""entity"": ""–£–Ω–∏–≤–µ—Ä—Å–∏—Ç–µ—Ç–∞ –ú–ò–°–ò–°"",
      ""types"": [""ORGANIZATION"", ""EDUCATIONAL_INSTITUTION""]
    },
    {
      ""entity"": ""–ú–§–¢–ò"",
      ""types"": [""ORGANIZATION"", ""EDUCATIONAL_INSTITUTION""]
    },
    {
      ""entity"": ""–ú–µ–∂–¥—É–Ω–∞—Ä–æ–¥–Ω–æ–π –∫–æ–Ω—Ñ–µ—Ä–µ–Ω—Ü–∏–∏ –ø–æ –æ–±—Ä–∞–±–æ—Ç–∫–µ –∏–∑–æ–±—Ä–∞–∂–µ–Ω–∏–π"",
      ""types"": [""EVENT""]
    },
    {
      ""entity"": ""IEEE ICIP"",
      ""types"": [""EVENT""]
    },
    {
      ""entity"": ""–ê–±—É-–î–∞–±–∏"",
      ""types"": [""LOCATION""]
    },
    {
      ""entity"": ""–æ–∫—Ç—è–±—Ä–µ 2024 –≥–æ–¥–∞"",
      ""types"": [""DATE""]
    },
    {
      ""entity"": ""–±–µ—Å–ø–∏–ª–æ—Ç–Ω—ã—Ö —Ç—Ä–∞–Ω—Å–ø–æ—Ä—Ç–Ω—ã—Ö —Å—Ä–µ–¥—Å—Ç–≤"",
      ""types"": [""TECHNOLOGY""]
    },
    {
      ""entity"": ""–º–µ–¥–∏—Ü–∏–Ω—Å–∫–æ–π –¥–∏–∞–≥–Ω–æ—Å—Ç–∏–∫–∏"",
      ""types"": [""MEDICAL""]
    },
    {
      ""entity"": ""–¢-–ë–∞–Ω–∫–µ"",
      ""types"": [""ORGANIZATION""]
    },
    {
      ""entity"": ""Analytics Vidhya"",
      ""types"": [""ORGANIZATION""]
    }
  ]
}
```","```json
{
  ""text"": ""Russian scientists developed a new method for AI to more accurately recognize unknown objects in photos. The method was presented at the International Conference on Image Processing in Abu Dhabi in October 2024. It reduces the error rate in image processing by over 20%, minimizing human intervention. The method has potential applications in autonomous vehicles and medical diagnostics."",
  ""entities"": [
    {""entity"": ""Russian"", ""types"": [""NATIONALITY""]},
    {""entity"": ""scientists"", ""types"": [""OCCUPATION""]},
    {""entity"": ""AI"", ""types"": [""TECHNOLOGY""]},
    {""entity"": ""International Conference on Image Processing"", ""types"": [""EVENT""]},
    {""entity"": ""Abu Dhabi"", ""types"": [""LOCATION""]},
    {""entity"": ""October 2024"", ""types"": [""DATE""]},
    {""entity"": ""image processing"", ""types"": [""TECHNOLOGY""]},
    {""entity"": ""autonomous vehicles"", ""types"": [""TECHNOLOGY""]},
    {""entity"": ""medical diagnostics"", ""types"": [""MEDICAL FIELD""]}
  ]
}
```",mistral-large-latest,2024-10-31 20:58:13
"–°–µ–≤–µ—Ä–Ω–∞—è –ö–æ—Ä–µ—è –∑–∞–ø—É—Å—Ç–∏–ª–∞ –º–µ–∂–∫–æ–Ω—Ç–∏–Ω–µ–Ω—Ç–∞–ª—å–Ω—É—é –±–∞–ª–ª–∏—Å—Ç–∏—á–µ—Å–∫—É—é —Ä–∞–∫–µ—Ç—É –≤ –Ω–∞–ø—Ä–∞–≤–ª–µ–Ω–∏–∏ –Ø–ø–æ–Ω—Å–∫–æ–≥–æ –º–æ—Ä—è, —Å–æ–æ–±—â–∞—é—Ç —é–∂–Ω–æ–∫–æ—Ä–µ–π—Å–∫–∏–µ –≤–æ–µ–Ω–Ω—ã–µ. –ü–æ –∏—Ö –¥–∞–Ω–Ω—ã–º, —Ä–µ—á—å –º–æ–∂–µ—Ç –∏–¥—Ç–∏ –æ–± –∏—Å–ø—ã—Ç–∞–Ω–∏–∏ –Ω–æ–≤–æ–π —Ç–≤–µ—Ä–¥–æ—Ç–æ–ø–ª–∏–≤–Ω–æ–π –±–∞–ª–ª–∏—Å—Ç–∏—á–µ—Å–∫–æ–π —Ä–∞–∫–µ—Ç—ã –±–æ–ª—å—à–æ–π –¥–∞–ª—å–Ω–æ—Å—Ç–∏. –≠—Ç–æ –ø–µ—Ä–≤—ã–π –ø—É—Å–∫ –ø–æ–¥–æ–±–Ω–æ–π —Ä–∞–∫–µ—Ç—ã –∑–∞ –≥–æ–¥",,,,,
"–£—à–ª–∞ —ç–ø–æ—Ö–∞ –±–µ–∑—É–¥–µ—Ä–∂–Ω–æ–≥–æ —Ä–æ—Å—Ç–∞ ¬´—á–µ–ª–æ–≤–µ–π–Ω–∏–∫–æ–≤¬ª: Forbes –æ–ø—É–±–ª–∏–∫–æ–≤–∞–ª —Ä–µ–π—Ç–∏–Ω–≥ –∑–∞—Å—Ç—Ä–æ–π—â–∏–∫–æ–≤

–†—ã–Ω–æ–∫ –Ω–æ–≤–æ–≥–æ –∂–∏–ª—å—è, –≤–µ—Ä–æ—è—Ç–Ω–æ, –µ—â–µ –æ—á–µ–Ω—å –¥–æ–ª–≥–æ –Ω–µ –±—É–¥–µ—Ç –ø—Ä–µ–∂–Ω–∏–º¬†‚Äî —Å –≤—Å–ø–ª–µ—Å–∫–∞–º–∏ –∞–∂–∏–æ—Ç–∞–∂–Ω–æ–≥–æ —Å–ø—Ä–æ—Å–∞, –±—ã—Å—Ç—Ä—ã–º –æ–±–æ–≥–∞—â–µ–Ω–∏–µ–º –¥–µ–≤–µ–ª–æ–ø–µ—Ä–æ–≤ –∏ –±–µ–∑—É–¥–µ—Ä–∂–Ω—ã–º —Ä–æ—Å—Ç–æ–º —Ü–µ–Ω. –ù–æ —Ä–µ–π—Ç–∏–Ω–≥ —É–≤–µ—Ä–µ–Ω–Ω—ã—Ö –¥–µ–≤–µ–ª–æ–ø–µ—Ä–æ–≤ 2024 –≥–æ–¥–∞ –æ—Ç—Ä–∞–∂–∞–µ—Ç –∏–º–µ–Ω–Ω–æ —Ç–∞–∫–∏–µ —Ä–µ–∞–ª–∏–∏, –ø–æ—Å–∫–æ–ª—å–∫—É –µ–≥–æ –∫–ª—é—á–µ–≤—ã–µ –ø–æ–∫–∞–∑–∞—Ç–µ–ª–∏¬†‚Äî —ç—Ç–æ —Å—É–º–º–∞—Ä–Ω—ã–µ –ø—Ä–æ–¥–∞–∂–∏ 2023 –≥–æ–¥–∞ –∏ –ø–µ—Ä–≤–æ–π –ø–æ–ª–æ–≤–∏–Ω—ã 2024 –≥–æ–¥–∞. 

–í —ç—Ç–æ—Ç —Ä–∞–∑ –≤ —Å–µ–≥–º–µ–Ω—Ç–µ –º–∞—Å—Å–æ–≤–æ–≥–æ –∂–∏–ª—å—è —Å –æ–≥—Ä–æ–º–Ω—ã–º –æ—Ç—Ä—ã–≤–æ–º –ø–æ–±–µ–¥–∏–ª–∞ –ì–ö ¬´–°–∞–º–æ–ª–µ—Ç¬ª –∑–∞ —Å—á–µ—Ç –ª—É—á—à–µ–π –¥–∏–Ω–∞–º–∏–∫–∏ –ø—Ä–æ–¥–∞–∂ –∏ –º–∞—Å—à—Ç–∞–±–Ω–æ–≥–æ –≤–≤–æ–¥–∞ –Ω–æ–≤—ã—Ö –ø—Ä–æ–µ–∫—Ç–æ–≤, –∞ –ø—Ä–µ–∂–Ω–∏–π –ª–∏–¥–µ—Ä –ì–ö –ü–ò–ö —Å–æ–∫—Ä–∞—Ç–∏–ª–∞ —Ç–µ–º–ø—ã —Å—Ç—Ä–æ–∏—Ç–µ–ª—å—Å—Ç–≤–∞ –∏ –∑–∞–Ω—è–ª–∞ –≤—Ç–æ—Ä–æ–µ –º–µ—Å—Ç–æ. –ì–ö –ü–ò–ö —Å –≤—ã—Ä—É—á–∫–æ–π 556¬†–º–ª—Ä–¥ —Ä—É–±–ª–µ–π, –∫—Ä—É–ø–Ω–µ–π—à–∏–π –ø–æ —ç—Ç–æ–º—É –ø–æ–∫–∞–∑–∞—Ç–µ–ª—é –∑–∞—Å—Ç—Ä–æ–π—â–∏–∫ —Å—Ç—Ä–∞–Ω—ã, –∑–∞–ø—É—Å—Ç–∏–ª–∞ –≤ 2024 –≥–æ–¥—É 407 000 –∫–≤. –º –Ω–æ–≤—ã—Ö –ø—Ä–æ–µ–∫—Ç–æ–≤ (–¥–∞–Ω–Ω—ã–µ –ï–¥–∏–Ω–æ–≥–æ —Ä–µ—Å—É—Ä—Å–∞ –∑–∞—Å—Ç—Ä–æ–π—â–∏–∫–æ–≤). –î–ª—è —Å—Ä–∞–≤–Ω–µ–Ω–∏—è: –ì–ö ¬´–¢–æ—á–Ω–æ¬ª –∏–∑ –ö—Ä–∞—Å–Ω–æ–¥–∞—Ä–∞ —Å¬†–≤—ã—Ä—É—á–∫–æ–π 19¬†–º–ª—Ä–¥ —Ä—É–±–ª–µ–π¬†‚Äî 484 000 –∫–≤. –º.¬†

–ù–æ–≤—ã–µ –ø—Ä–æ–µ–∫—Ç—ã —Å—ã–≥—Ä–∞–ª–∏ –∫–ª—é—á–µ–≤—É—é —Ä–æ–ª—å –∏¬†–≤¬†—Ä–∞—Å–ø—Ä–µ–¥–µ–ª–µ–Ω–∏–∏ –º–µ—Å—Ç –≤ –ø—Ä–µ–º–∏–∞–ª—å–Ω–æ–º —Å–µ–≥–º–µ–Ω—Ç–µ. –ü—Ä–æ—à–ª–æ–≥–æ–¥–Ω–∏–π –ø–æ–±–µ–¥–∏—Ç–µ–ª—å Vesper, –æ—Å—Ç–∞–≤–∏–≤—à–∏–π —Ä—ã–Ω–æ–∫ –±–µ–∑ –Ω–æ–≤–∏–Ω–æ–∫, –æ–∫–∞–∑–∞–ª—Å—è –∑–∞ –ø—Ä–µ–¥–µ–ª–∞–º–∏ —Ç–æ–ø-5. –õ–∏–¥–µ—Ä —ç—Ç–æ–≥–æ –≥–æ–¥–∞ Sminex –∑–∞–≤–æ–µ–≤–∞–ª –ø–µ—Ä–≤–æ–µ –º–µ—Å—Ç–æ –∑–∞ —Å—á–µ—Ç –ø–æ—Ä—Ç—Ñ–µ–ª—è –Ω–æ–≤—ã—Ö –ø—Ä–æ–µ–∫—Ç–æ–≤. 

–ü–æ—Å–ª–µ –ø–æ–≤—ã—à–µ–Ω–∏—è –∫–ª—é—á–µ–≤–æ–π —Å—Ç–∞–≤–∫–∏ –∏ –æ—Ç–º–µ–Ω—ã –±–æ–ª—å—à–µ–π —á–∞—Å—Ç–∏ –ø—Ä–æ–≥—Ä–∞–º–º –ª—å–≥–æ—Ç–Ω–æ–π –∏–ø–æ—Ç–µ–∫–∏ –Ω–æ–≤—ã—Ö ¬´—á–µ–ª–æ–≤–µ–π–Ω–∏–∫–æ–≤¬ª –ø–æ –≤—Å–µ–π —Å—Ç—Ä–∞–Ω–µ –≤—ã—Ä–∞—Å—Ç–µ—Ç –º–µ–Ω—å—à–µ. 

–ù–æ–≤—ã–π —Ä–µ–π—Ç–∏–Ω–≥ —É–≤–µ—Ä–µ–Ω–Ω–æ—Å—Ç–∏ —Ä–æ—Å—Å–∏–π—Å–∫–∏—Ö –∑–∞—Å—Ç—Ä–æ–π—â–∏–∫–æ–≤ ‚Äî¬†–Ω–∞ —Å–∞–π—Ç–µ Forbes 

üì∏: –í–∏–∫—Ç–æ—Ä–∏—è –í–æ—Ç–æ–Ω–æ–≤—Å–∫–∞—è / –¢–ê–°–°",,,,,
"–í–ª–∞—Å—Ç–∏ —Å–º–æ–≥—É—Ç –∑–∞–ø—Ä–∞—à–∏–≤–∞—Ç—å —É –±–∏–∑–Ω–µ—Å–∞ –¥–∞–Ω–Ω—ã–µ –ø–æ –ª—é–±–æ–º—É –ø–æ–≤–æ–¥—É

Forbes –æ–∑–Ω–∞–∫–æ–º–∏–ª—Å—è —Å –ø—Ä–æ–µ–∫—Ç–æ–º —Ä–∞—Å–ø–æ—Ä—è–∂–µ–Ω–∏—è –ø—Ä–∞–≤–∏—Ç–µ–ª—å—Å—Ç–≤–∞, –æ–ø—Ä–µ–¥–µ–ª—è—é—â–µ–≥–æ —Å–ª—É—á–∞–∏ —Ñ–æ—Ä–º–∏—Ä–æ–≤–∞–Ω–∏—è —Å–æ—Å—Ç–∞–≤–æ–≤ –¥–∞–Ω–Ω—ã—Ö, –∫–æ—Ç–æ—Ä—ã–µ –±–∏–∑–Ω–µ—Å –¥–æ–ª–∂–µ–Ω –ø–µ—Ä–µ–¥–∞–≤–∞—Ç—å –≤ ¬´–≥–æ—Å–æ—Å–∑–µ—Ä–æ¬ª. –° –¥–æ–∫—É–º–µ–Ω—Ç–æ–º –∏ –µ–≥–æ –ø–æ–ª–æ–∂–µ–Ω–∏—è–º–∏ —Ç–∞–∫–∂–µ –∑–Ω–∞–∫–æ–º –∏—Å—Ç–æ—á–Ω–∏–∫ Forbes –≤ –ú–∏–Ω—ç–∫–æ–Ω–æ–º—Ä–∞–∑–≤–∏—Ç–∏—è.

–¢–∞–∫, –≤–ª–∞—Å—Ç–∏ —Å–º–æ–≥—É—Ç –∑–∞–ø—Ä–∞—à–∏–≤–∞—Ç—å —É –±–∏–∑–Ω–µ—Å–∞ –æ–±–µ–∑–ª–∏—á–µ–Ω–Ω—ã–µ –ø–µ—Ä—Å–æ–Ω–∞–ª—å–Ω—ã–µ –¥–∞–Ω–Ω—ã–µ –∫–ª–∏–µ–Ω—Ç–æ–≤ –∏ —Å–æ—Ç—Ä—É–¥–Ω–∏–∫–æ–≤, –µ—Å–ª–∏ –æ–Ω–∏ –ø–æ–Ω–∞–¥–æ–±—è—Ç—Å—è –¥–ª—è ¬´–∑–∞—â–∏—Ç—ã –Ω–∞—Å–µ–ª–µ–Ω–∏—è –∏ —Ç–µ—Ä—Ä–∏—Ç–æ—Ä–∏–π¬ª ‚Äî –≤ —Å–ª—É—á–∞–µ —É–≥—Ä–æ–∑—ã –≤–æ–∑–Ω–∏–∫–Ω–æ–≤–µ–Ω–∏—è —á—Ä–µ–∑–≤—ã—á–∞–π–Ω–æ–π —Å–∏—Ç—É–∞—Ü–∏–∏ –Ω–∞ –≤—Å–µ–π —Ç–µ—Ä—Ä–∏—Ç–æ—Ä–∏–∏ —Å—Ç—Ä–∞–Ω—ã –∏–ª–∏ –µ–µ —á–∞—Å—Ç–∏.

–í –¥–æ–∫—É–º–µ–Ω—Ç–µ —É–∫–∞–∑–∞–Ω–æ —Ç–∞–∫–∂–µ, —á—Ç–æ –≤–ª–∞—Å—Ç–∏ —Å–º–æ–≥—É—Ç —Ç—Ä–µ–±–æ–≤–∞—Ç—å –¥–∞–Ω–Ω—ã–µ —É –±–∏–∑–Ω–µ—Å–∞ –¥–ª—è –ø—Ä–µ–¥—É–ø—Ä–µ–∂–¥–µ–Ω–∏—è —Ç–µ—Ä—Ä–æ—Ä–∏–∑–º–∞ –≤ —Å–ª—É—á–∞–µ –≤–≤–µ–¥–µ–Ω–∏—è —Ä–µ–∂–∏–º–∞ –∫–æ–Ω—Ç—Ä—Ç–µ—Ä—Ä–æ—Ä–∏—Å—Ç–∏—á–µ—Å–∫–æ–π –æ–ø–µ—Ä–∞—Ü–∏–∏, –∞ —Ç–∞–∫–∂–µ –¥–ª—è –ø—Ä–µ–¥—É–ø—Ä–µ–∂–¥–µ–Ω–∏—è —Ä–∞—Å–ø—Ä–æ—Å—Ç—Ä–∞–Ω–µ–Ω–∏—è –∏–Ω—Ñ–µ–∫—Ü–∏–æ–Ω–Ω—ã—Ö –∑–∞–±–æ–ª–µ–≤–∞–Ω–∏–π –∏ –æ—Ç—Ä–∞–≤–ª–µ–Ω–∏–π, –µ—Å–ª–∏ –±—É–¥–µ—Ç –≤–≤–µ–¥–µ–Ω –∫–∞—Ä–∞–Ω—Ç–∏–Ω.

–ü–æ –º–Ω–µ–Ω–∏—é –∫–æ–º–ø–∞–Ω–∏–π, –ø–æ–ª–æ–∂–µ–Ω–∏—è –¥–æ–∫—É–º–µ–Ω—Ç–∞ –ø–æ–∑–≤–æ–ª—è—é—Ç –∑–∞–ø—Ä–∞—à–∏–≤–∞—Ç—å —É –±–∏–∑–Ω–µ—Å–∞, –∫–æ—Ç–æ—Ä—ã–π –ø–æ–Ω–µ—Å–µ—Ç –∑–Ω–∞—á–∏—Ç–µ–ª—å–Ω—ã–µ —Ä–∞—Å—Ö–æ–¥—ã –Ω–∞ –æ–±–µ–∑–ª–∏—á–∏–≤–∞–Ω–∏–µ –∏ —Å–µ—Ç—É–µ—Ç –Ω–∞ –ø–æ—Ç–µ–Ω—Ü–∏–∞–ª—å–Ω—É—é –Ω–µ–ø—Ä–æ–∑—Ä–∞—á–Ω–æ—Å—Ç—å –∑–∞–ø—Ä–æ—Å–æ–≤, –¥–∞–Ω–Ω—ã–µ –≤ –ª—é–±—ã—Ö —Å–ª—É—á–∞—è—Ö. –ü—Ä–∏ —ç—Ç–æ–º –æ—Å—Ç–∞—é—Ç—Å—è —Ä–∏—Å–∫–∏ —Ç–æ–≥–æ, —á—Ç–æ –º–æ–∂–Ω–æ –±—É–¥–µ—Ç –æ–ø—Ä–µ–¥–µ–ª–∏—Ç—å –ø—Ä–∏–Ω–∞–¥–ª–µ–∂–Ω–æ—Å—Ç—å –∏–Ω—Ñ–æ—Ä–º–∞—Ü–∏–∏ –∫–æ–Ω–∫—Ä–µ—Ç–Ω–æ–º—É —á–µ–ª–æ–≤–µ–∫—É

üì∏: Getty Images",,,,,
"–ú–∏–ª–ª–∏–∞—Ä–¥–µ—Ä –†–æ–º–∞–Ω –ê–≤–¥–µ–µ–≤ –ø—Ä–æ–¥–∞–ª —Å–≤–æ—é –¥–æ–ª—é (62%) –≤ –æ—Å–Ω–æ–≤–∞–Ω–Ω–æ–º –∏–º ¬´–†–æ—Å—Å–∏—É–º–µ¬ª —Å—Ç—Ä—É–∫—Ç—É—Ä–∞–º –º–∏–ª–ª–∏–∞—Ä–¥–µ—Ä–∞ –°–µ—Ä–≥–µ—è –°—É–¥–∞—Ä–∏–∫–æ–≤–∞. –ê–≤–¥–µ–µ–≤ –ø–æ–¥—á–µ—Ä–∫–Ω—É–ª, —á—Ç–æ –≤ —Ä–µ–∑—É–ª—å—Ç–∞—Ç–µ —Å–¥–µ–ª–∫–∏ —É –Ω–µ–≥–æ –Ω–µ –æ—Å—Ç–∞–ª–æ—Å—å –∞–∫—Ç–∏–≤–æ–≤ –∏–ª–∏ –±–∏–∑–Ω–µ—Å-–ø—Ä–æ–µ–∫—Ç–æ–≤ –≤ –†–æ—Å—Å–∏–∏. –ò –ø–æ–æ–±–µ—â–∞–ª —Å–æ—Å—Ä–µ–¥–æ—Ç–æ—á–∏—Ç—å—Å—è –Ω–∞ –±–ª–∏–∑–∫–∏—Ö, –≤ –ø–µ—Ä–≤—É—é –æ—á–µ—Ä–µ–¥—å –¥–µ—Ç—è—Ö, –∏ –¥—Ä—É–≥–∏—Ö –∞—Å–ø–µ–∫—Ç–∞—Ö –∂–∏–∑–Ω–∏, –Ω–µ —Å–≤—è–∑–∞–Ω–Ω—ã—Ö —Å –±–∏–∑–Ω–µ—Å–æ–º",,,,,
"–ö–∞—Ä—Ç–æ—Ñ–µ–ª—å —Å—Ç–∞–ª –¥—Ä–∞–π–≤–µ—Ä–æ–º –∏–Ω—Ñ–ª—è—Ü–∏–∏, –æ–ø–µ—Ä–µ–¥–∏–≤ —Å–ª–∏–≤–æ—á–Ω–æ–µ –º–∞—Å–ª–æ –∏ —è–π—Ü–∞, –∞ —Ç–∞–∫–∂–µ –æ–ª–∏–≤–∫–æ–≤–æ–µ –º–∞—Å–ª–æ, —á–µ—Å–Ω–æ–∫, –±–∞—Ä–∞–Ω–∏–Ω—É –∏ –ø–æ–º–∏–¥–æ—Ä—ã. –í —Ä–æ–∑–Ω–∏—á–Ω–æ–º —Å–µ–≥–º–µ–Ω—Ç–µ, –ø–æ –¥–∞–Ω–Ω—ã–º –†–æ—Å—Å—Ç–∞—Ç–∞, —Ü–µ–Ω—ã –Ω–∞ 21 –æ–∫—Ç—è–±—Ä—è 2024 –≥–æ–¥–∞ —Å–æ—Å—Ç–∞–≤–∏–ª–∏ 44,65 —Ä—É–±–ª—è –∑–∞ –∫–∏–ª–æ–≥—Ä–∞–º–º, —á—Ç–æ –Ω–∞ 59% –ø—Ä–µ–≤—ã—à–∞–µ—Ç –∑–Ω–∞—á–µ–Ω–∏—è –≥–æ–¥–∏—á–Ω–æ–π –¥–∞–≤–Ω–æ—Å—Ç–∏. –ö–∞—Ä—Ç–æ—Ñ–µ–ª—å —Å—Ç–∞–ª –ª–∏–¥–µ—Ä–æ–º –ø–æ —Ä–æ—Å—Ç—É —Ü–µ–Ω –∑–∞ –≥–æ–¥ —Å—Ä–µ–¥–∏ –≤—Å–µ—Ö –∫–ª—é—á–µ–≤—ã—Ö –ø—Ä–æ–¥—É–∫—Ç–æ–≤ –ø–∏—Ç–∞–Ω–∏—è.¬†

–ü–æ—á–µ–º—É –∫–∞—Ä—Ç–æ—Ñ–µ–ª—å —Ç–∞–∫ –±—ã—Å—Ç—Ä–æ –¥–æ—Ä–æ–∂–∞–µ—Ç? –û–ø—Ä–æ—à–µ–Ω–Ω—ã–µ Forbes —ç–∫—Å–ø–µ—Ä—Ç—ã –≥–æ–≤–æ—Ä—è—Ç, —á—Ç–æ –≤—Å–µ –¥–µ–ª–æ –≤ –Ω–∏–∑–∫–æ–π –±–∞–∑–µ –ø—Ä–æ—à–ª–æ–≥–æ –≥–æ–¥–∞, –∫–æ–≥–¥–∞ –∏–∑-–∑–∞ –æ–≥—Ä–æ–º–Ω–æ–≥–æ —É—Ä–æ–∂–∞—è –∫–∞—Ä—Ç–æ—Ñ–µ–ª—å —Å–∏–ª—å–Ω–æ –ø–æ–¥–µ—à–µ–≤–µ–ª. 

–°–µ–π—á–∞—Å –ª–æ—â–∞–¥–∏ –ø–æ–¥ ¬´–≤—Ç–æ—Ä—ã–º —Ö–ª–µ–±–æ–º¬ª —Å–æ–∫—Ä–∞—Ç–∏–ª–∏—Å—å, –æ–¥–Ω–∞–∫–æ —ç–∫—Å–ø–µ—Ä—Ç—ã —Ä—ã–Ω–∫–∞ —É–≤–µ—Ä–µ–Ω—ã, —á—Ç–æ –ø–æ—Ç—Ä–µ–±–∏—Ç–µ–ª–∏ –¥–µ—Ñ–∏—Ü–∏—Ç–∞ –Ω–µ –æ—â—É—Ç—è—Ç. –ü–æ—á–µ–º—É —Å–æ–∫—Ä–∞—Ç–∏–ª–∏—Å—å –ø–ª–æ—â–∞–¥–∏ –ø–æ–¥ –∫–∞—Ä—Ç–æ—Ñ–µ–ª–µ–º –∏ —á—Ç–æ –±—É–¥–µ—Ç —Å —Ü–µ–Ω–æ–π –Ω–∞ –Ω–µ–≥–æ –¥–∞–ª—å—à–µ ‚Äî —Ä–∞–∑–±–∏—Ä–∞–ª—Å—è Forbes

üì∏: –î–º–∏—Ç—Ä–∏–π –†–æ–≥—É–ª–∏–Ω / –¢–ê–°–°",,,,,
"–û–ø—Ç–∏–º–∏–∑–∏—Ä–æ–≤–∞—Ç—å –∑–∞—Ç—Ä–∞—Ç—ã –Ω–∞ –∫–æ–º–∞–Ω–¥–∏—Ä–æ–≤–∫–∏ –∏ —É–ø—Ä–æ—Å—Ç–∏—Ç—å –∏—Ö –æ—Ä–≥–∞–Ω–∏–∑–∞—Ü–∏—é –ø—Ä–æ—â–µ, —á–µ–º –∫–∞–∂–µ—Ç—Å—è.

–î–ª—è —ç—Ç–æ–≥–æ —Å—Ç–æ–∏—Ç –ø–æ–¥–∫–ª—é—á–∏—Ç—å—Å—è –∫ –æ–Ω–ª–∞–π–Ω-—Å–µ—Ä–≤–∏—Å—É ¬´OneTwoTrip –¥–ª—è –±–∏–∑–Ω–µ—Å–∞¬ª, –∫–æ—Ç–æ—Ä—ã–º —É–∂–µ –ø–æ–ª—å–∑—É—é—Ç—Å—è –±–æ–ª—å—à–µ 12 000 –∫–æ–º–ø–∞–Ω–∏–π.
–ß–µ—Ä–µ–∑ —Å–µ—Ä–≤–∏—Å –º–æ–∂–Ω–æ –ø–æ–ª–Ω–æ—Å—Ç—å—é –æ—Ä–≥–∞–Ω–∏–∑–æ–≤–∞—Ç—å –∫–æ–º–∞–Ω–¥–∏—Ä–æ–≤–∫—É: –≤–∞–º –±—É–¥—É—Ç –¥–æ—Å—Ç—É–ø–Ω—ã –±–æ–ª–µ–µ 2 –º–ª–Ω –æ—Ç–µ–ª–µ–π –≤ –†–æ—Å—Å–∏–∏ –∏ –∑–∞ –≥—Ä–∞–Ω–∏—Ü–µ–π, –±–∏–ª–µ—Ç—ã –Ω–∞ —Å–∞–º–æ–ª–µ—Ç—ã, –ø–æ–µ–∑–¥–∞ –∏ –∞–≤—Ç–æ–±—É—Å—ã, –∑–∞–∫–∞–∑ —Ç—Ä–∞–Ω—Å—Ñ–µ—Ä–æ–≤ –∏ —Ç–∞–∫—Å–∏.

–ò–∑ –∫–ª—é—á–µ–≤—ã—Ö –ø—Ä–µ–∏–º—É—â–µ—Å—Ç–≤:
‚Ä¢ –°–∫–∏–¥–∫–∏ –Ω–∞ –æ—Ç–µ–ª–∏ –¥–æ 30% –¥–ª—è –∫–æ—Ä–ø–æ—Ä–∞—Ç–∏–≤–Ω—ã—Ö –∫–ª–∏–µ–Ω—Ç–æ–≤
‚Ä¢ –£–¥–æ–±–Ω—ã–µ —Å–ø–æ—Å–æ–±—ã –æ–ø–ª–∞—Ç—ã –¥–ª—è —é—Ä–ª–∏—Ü: –∫–æ—Ä–ø–æ—Ä–∞—Ç–∏–≤–Ω–æ–π –∫–∞—Ä—Ç–æ–π, —Å –¥–µ–ø–æ–∑–∏—Ç–∞, –ø–æ—Å—Ç–æ–ø–ª–∞—Ç–æ–π –ø–æ —Å—á–µ—Ç—É. –ü–æ –∑–∞–ø—Ä–æ—Å—É –º–æ–∂–Ω–æ —Å–æ–≥–ª–∞—Å–æ–≤–∞—Ç—å –æ–≤–µ—Ä–¥—Ä–∞—Ñ—Ç
‚Ä¢ –í—ã–≥–æ–¥–Ω–∞—è –ø—Ä–æ–≥—Ä–∞–º–º–∞ –ª–æ—è–ª—å–Ω–æ—Å—Ç–∏: –ø–æ–ª—É—á–∞–π—Ç–µ –¥–æ 5% –±–æ–Ω—É—Å–∞–º–∏ —Å –ø–æ–∫—É–ø–æ–∫ –∏ –æ–ø–ª–∞—á–∏–≤–∞–π—Ç–µ –∏–º–∏ –±–∏–ª–µ—Ç—ã –∏ –æ—Ç–µ–ª–∏
‚Ä¢ –ë–µ—Å–ø–ª–∞—Ç–Ω–∞—è –∏–Ω—Ç–µ–≥—Ä–∞—Ü–∏—è —Å 1–°:–ë—É—Ö–≥–∞–ª—Ç–µ—Ä–∏–µ–π –∏ –≠–î–û: –æ–Ω–ª–∞–π–Ω-–¥–æ—Å—Ç—É–ø –∫ –æ—Ç—á–µ—Ç–∞–º –∏ —Å–ø—Ä–∞–≤–∫–∞–º

–ü–µ—Ä–µ–¥–∞–π—Ç–µ —Ä—É—Ç–∏–Ω—É ¬´OneTwoTrip –¥–ª—è –±–∏–∑–Ω–µ—Å–∞¬ª, —á—Ç–æ–±—ã –∫–æ–Ω—Ü–µ–Ω—Ç—Ä–∏—Ä–æ–≤–∞—Ç—å—Å—è –Ω–∞ –±–æ–ª–µ–µ –≤–∞–∂–Ω—ã—Ö –∑–∞–¥–∞—á–∞—Ö.

–û—Å—Ç–∞–≤–∏—Ç—å –∑–∞—è–≤–∫—É –Ω–∞ –±–µ—Å–ø–ª–∞—Ç–Ω–æ–µ –ø–æ–¥–∫–ª—é—á–µ–Ω–∏–µ

*–†–µ–∫–ª–∞–º–∞, –û–û–û ""–í–ê–ô–¢ –¢–†–ï–í–ï–õ""",,,,,
"–°–∏–ª—å–Ω—ã–µ –¥–æ–∂–¥–∏ –Ω–∞ —é–≥–µ –∏ –≤–æ—Å—Ç–æ–∫–µ –ò—Å–ø–∞–Ω–∏–∏ –ø—Ä–∏–≤–µ–ª–∏ –∫ –ø–∞–≤–æ–¥–∫–∞–º, –∏–∑-–∑–∞ –∫–æ—Ç–æ—Ä—ã—Ö –ø–æ–≥–∏–±–ª–∏ –ø–æ –º–µ–Ω—å—à–µ–π –º–µ—Ä–µ 95 —á–µ–ª–æ–≤–µ–∫. –í –í–∞–ª–µ–Ω—Å–∏–∏ ‚Äî –Ω–∞–∏–±–æ–ª–µ–µ –ø–æ—Å—Ç—Ä–∞–¥–∞–≤—à–µ–º —Ä–µ–≥–∏–æ–Ω–µ ‚Äî –∑–∞ –≤–æ—Å–µ–º—å —á–∞—Å–æ–≤ –≤—ã–ø–∞–ª–æ –±–æ–ª—å—à–µ –æ—Å–∞–¥–∫–æ–≤, —á–µ–º –∑–∞ –ø—Ä–µ–¥—ã–¥—É—â–∏–µ 20 –º–µ—Å—è—Ü–µ–≤, –∑–∞—è–≤–∏–ª–∏ –≤ –Ω–∞—Ü–∏–æ–Ω–∞–ª—å–Ω–æ–π –º–µ—Ç–µ–æ—Å–ª—É–∂–±–µ. –í–æ–¥–∞ –≤ –Ω–µ–∫–æ—Ç–æ—Ä—ã—Ö –º–µ—Å—Ç–∞—Ö –ø–æ–¥–Ω–∏–º–∞–ª–∞—Å—å –Ω–∞ 3 –º, –≥—Ä—è–∑–µ–≤—ã–µ –ø–æ—Ç–æ–∫–∏ –Ω–µ—Å–ª–∏ –ø–æ —É–ª–∏—Ü–∞–º –∞–≤—Ç–æ–º–æ–±–∏–ª–∏ –∏ –º—É—Å–æ—Ä–Ω—ã–µ –∫–æ–Ω—Ç–µ–π–Ω–µ—Ä—ã, —Å–æ–æ–±—â–∞—é—Ç –æ—á–µ–≤–∏–¥—Ü—ã. –í –ò—Å–ø–∞–Ω–∏–∏ –æ–±—ä—è–≤–ª–µ–Ω —Ç—Ä–µ—Ö–¥–Ω–µ–≤–Ω—ã–π —Ç—Ä–∞—É—Ä",,,,,
"–ü—Ä–æ—Ñ–µ—Å—Å–æ—Ä–∞ –∂–∞–ª—É—é—Ç—Å—è, —á—Ç–æ —Å—Ç—É–¥–µ–Ω—Ç—ã –≤—Å–µ —á–∞—â–µ –Ω–µ –º–æ–≥—É—Ç –¥–æ—á–∏—Ç–∞—Ç—å –¥–æ –∫–æ–Ω—Ü–∞ —Ö–æ—Ç—è –±—ã –æ–¥–Ω—É –∫–Ω–∏–≥—É, —Ä—É–∫–æ–≤–æ–¥–∏—Ç–µ–ª–∏ –æ—Ç–º–µ—á–∞—é—Ç –ø–æ–≤—ã—à–µ–Ω–Ω—É—é —Ç—Ä–µ–≤–æ–∂–Ω–æ—Å—Ç—å –∏ —á—É–≤—Å—Ç–≤–∏—Ç–µ–ª—å–Ω–æ—Å—Ç—å –∫ –∫—Ä–∏—Ç–∏–∫–µ —Å–æ—Ç—Ä—É–¥–Ω–∏–∫–æ–≤-–∑—É–º–µ—Ä–æ–≤, –∞ –≤ –º–µ–¥–∏–∞ —Ç–æ –∏ –¥–µ–ª–æ –ø–æ—è–≤–ª—è—é—Ç—Å—è –Ω–æ–≤–æ—Å—Ç–∏, –≤—ã–∑—ã–≤–∞—é—â–∏–µ —Ç—Ä–µ–≤–æ–≥—É –ø–æ –ø–æ–≤–æ–¥—É –º–µ–Ω—Ç–∞–ª—å–Ω–æ–≥–æ –∑–¥–æ—Ä–æ–≤—å—è –º–æ–ª–æ–¥–µ–∂–∏. 

–î–æ–ø–æ–ª–Ω–∏—Ç–µ–ª—å–Ω—ã–π —Å—Ç—Ä–µ—Å—Å —É –∑—É–º–µ—Ä–æ–≤ –≤—ã–∑—ã–≤–∞–µ—Ç —Ç–æ—Ç —Ñ–∞–∫—Ç, —á—Ç–æ —ç–∫–æ–Ω–æ–º–∏—á–µ—Å–∫–∏ –æ–Ω–∏ –ø–æ–∫–∞ –º–µ–Ω–µ–µ —É—Å–ø–µ—à–Ω—ã, —á–µ–º –ø—Ä–µ–¥—ã–¥—É—â–∏–µ –ø–æ–∫–æ–ª–µ–Ω–∏—è (—Ç—É—Ç —Ä–µ—á—å –æ —Ä–∞–∑–≤–∏—Ç—ã—Ö —Å—Ç—Ä–∞–Ω–∞—Ö). –í–æ–∑–º–æ–∂–Ω–æ, —Ç–∞–∫–æ–µ –¥–∞–≤–ª–µ–Ω–∏–µ –∏ –ø—Ä–æ–±–ª–µ–º—ã —Å –º–µ–Ω—Ç–∞–ª—å–Ω—ã–º –∑–¥–æ—Ä–æ–≤—å–µ–º –≤ —Ç–æ–º —á–∏—Å–ª–µ –ø—Ä–∏–≤–æ–¥—è—Ç —á–∞—Å—Ç—å –∑—É–º–µ—Ä–æ–≤ –∫ –∂–µ–ª–∞–Ω–∏—é (–∏–ª–∏ –Ω–µ–æ–±—Ö–æ–¥–∏–º–æ—Å—Ç–∏) –Ω–µ —Ä–∞–±–æ—Ç–∞—Ç—å –∏ –Ω–µ —É—á–∏—Ç—å—Å—è. –î–ª—è —ç—Ç–æ–π –≥—Ä—É–ø–ø—ã —Å–µ–π—á–∞—Å —á–∞—Å—Ç–æ –∏—Å–ø–æ–ª—å–∑—É–µ—Ç—Å—è –∞–±–±—Ä–µ–≤–∏–∞—Ç—É—Ä–∞ NEET (–Ω–µ —Ä–∞–±–æ—Ç–∞—é—â–∏–π, –Ω–µ —É—á–∞—â–∏–π—Å—è –∏ –Ω–µ –ø—Ä–æ—Ö–æ–¥—è—â–∏–π –ø—Ä–æ—Ñ–µ—Å—Å–∏–æ–Ω–∞–ª—å–Ω–æ–µ –æ–±—É—á–µ–Ω–∏–µ). NEET –≤–∫–ª—é—á–∞–µ—Ç –Ω–µ —Ç–æ–ª—å–∫–æ —Ç–µ—Ö, –∫–æ–≥–æ –±—ã —Ä–∞–Ω—å—à–µ –ø—Ä–æ—Å—Ç–æ –∑–∞–ø–∏—Å–∞–ª–∏ –≤ –∫–∞—Ç–µ–≥–æ—Ä–∏—é ¬´–±–µ–∑—Ä–∞–±–æ—Ç–Ω—ã–µ¬ª, –Ω–æ –∏ —Ç–µ—Ö, –∫—Ç–æ —Å–æ–∑–Ω–∞—Ç–µ–ª—å–Ω–æ –æ—Ç–∫–∞–∑–∞–ª—Å—è –æ—Ç –ø–æ–∏—Å–∫–∞ —Ä–∞–±–æ—Ç—ã –∏–ª–∏ –≤–æ–∑–º–æ–∂–Ω–æ—Å—Ç–µ–π –ø–æ–ª—É—á–∏—Ç—å –ø—Ä–æ—Ñ–µ—Å—Å–∏—é. –û–ø—Ä–æ—Å –ø—Ä–µ–¥—Å—Ç–∞–≤–∏—Ç–µ–ª–µ–π —ç—Ç–æ–π –∫–∞—Ç–µ–≥–æ—Ä–∏–∏ –≤ –í–µ–ª–∏–∫–æ–±—Ä–∏—Ç–∞–Ω–∏–∏ –≤ 2024 –≥–æ–¥—É –ø–æ–∫–∞–∑–∞–ª, —á—Ç–æ 25% –æ—Ç–º–µ—á–∞—é—Ç –ø—Ä–æ–±–ª–µ–º—ã —Å –º–µ–Ω—Ç–∞–ª—å–Ω—ã–º –∑–¥–æ—Ä–æ–≤—å–µ–º –∫–∞–∫ –ø—Ä–∏—á–∏–Ω—É, –ø–æ –∫–æ—Ç–æ—Ä–æ–π –æ–Ω–∏ –æ—Ç–∫–∞–∑–∞–ª–∏—Å—å –æ—Ç —É—á–µ–±—ã –∏ —Ä–∞–±–æ—Ç—ã.

–ü–æ—á–µ–º—É –∂–µ –º—ã –≤–∏–¥–∏–º —Ç–∞–∫–æ–π –Ω–µ–≥–∞—Ç–∏–≤–Ω—ã–π —Ç—Ä–µ–Ω–¥ –≤ –º–µ–Ω—Ç–∞–ª—å–Ω–æ–º –∑–¥–æ—Ä–æ–≤—å–µ –º–æ–ª–æ–¥–µ–∂–∏? –í —ç—Ç–æ–º —Ä–∞–∑–±–∏—Ä–∞–µ—Ç—Å—è —Å–æ–æ—Å–Ω–æ–≤–∞—Ç–µ–ª—å–Ω–∏—Ü–∞ –ø—Å–∏—Ö–æ–ª–æ–≥–∏—á–µ—Å–∫–æ–π –ø–ª–∞—Ç—Ñ–æ—Ä–º—ã Alter –∏ –Ω–æ–º–∏–Ω–∞–Ω—Ç–∫–∞ —Ä–µ–π—Ç–∏–Ω–≥–∞ Forbes ¬´30 –¥–æ 30¬ª –û–ª—å–≥–∞ –ö–∏—Ç–∞–∏–Ω–∞.

–ß–∏—Ç–∞–π—Ç–µ –≤ –∫–æ–ª–æ–Ω–∫–µ –Ω–∞ —Å–∞–π—Ç–µ Forbes

üì∏: Getty Images",,,,,
"‚è∫Forbes Sport –ø—Ä–µ–¥—Å—Ç–∞–≤–ª—è–µ—Ç —Ä–µ–∏ÃÜ—Ç–∏–Ω–≥ —Å–∞–º—ã—Ö —Ü–µ–Ω–Ω—ã—Ö –ª–∏—á–Ω—ã—Ö –±—Ä–µ–Ω–¥–æ–≤ –¥–µ–∏ÃÜ—Å—Ç–≤—É—é—â–∏—Ö —Ä–æ—Å—Å–∏–∏ÃÜ—Å–∫–∏—Ö —Å–ø–æ—Ä—Ç—Å–º–µ–Ω–æ–≤, –ø–æ–∑–≤–æ–ª—è—é—â–∏–∏ÃÜ —Å—Ä–∞–≤–Ω–∏—Ç—å –ø—Ä–µ–¥—Å—Ç–∞–≤–∏—Ç–µ–ª–µ–∏ÃÜ —Ä–∞–∑–Ω—ã—Ö –≤–∏–¥–æ–≤ —Å–ø–æ—Ä—Ç–∞ –∏ –¥–∏—Å—Ü–∏–ø–ª–∏–Ω –ø–æ —Å—Ç–µ–ø–µ–Ω–∏ –∏—Ö –ø—Ä–∏–≤–ª–µ–∫–∞—Ç–µ–ª—å–Ω–æ—Å—Ç–∏ –¥–ª—è —Ä–µ–∫–ª–∞–º–æ–¥–∞—Ç–µ–ª–µ–∏ÃÜ

–ü–æ—Å–ª–µ –¥–≤—É—Ö –ª–µ—Ç —Å–∞–Ω–∫—Ü–∏–π –º–æ–∂–Ω–æ —Å—á–∏—Ç–∞—Ç—å –¥–æ–∫–∞–∑–∞–Ω–Ω–æ–π —Ç–µ–æ—Ä–∏—é –æ —Ç–æ–º, —á—Ç–æ –º–∞—Å—Å–æ–≤–æ–π –∞—É–¥–∏—Ç–æ—Ä–∏–∏ –≤ –†–æ—Å—Å–∏–∏ —Å–ø–æ—Ä—Ç –∏–Ω—Ç–µ—Ä–µ—Å–µ–Ω –ø—Ä–µ–∂–¥–µ –≤—Å–µ–≥–æ –≤ –∫–æ–Ω—Ç–µ–∫—Å—Ç–µ –ø—Ä–æ—Ç–∏–≤–æ—Å—Ç–æ—è–Ω–∏—è ¬´–Ω–∞—à–∏—Ö¬ª –∏ ¬´–Ω–µ–Ω–∞—à–∏—Ö¬ª –Ω–∞ –º–µ–∂–¥—É–Ω–∞—Ä–æ–¥–Ω–æ–π –∞—Ä–µ–Ω–µ. –ù–æ–≤—ã–π —Ä–µ–π—Ç–∏–Ω–≥ –ª–∏—á–Ω—ã—Ö –±—Ä–µ–Ω–¥–æ–≤ —Å–ø–æ—Ä—Ç—Å–º–µ–Ω–æ–≤ —ç—Ç–æ –ø–æ–¥—Ç–≤–µ—Ä–∂–¥–∞–µ—Ç: –ª–∏—à—å —Ç—Ä–µ—Ç—å —É—á–∞—Å—Ç–Ω–∏–∫–æ–≤ –Ω–∞—à–µ–≥–æ —Ç–æ–ø-30 —Å–æ—Å—Ç–∞–≤–ª—è—é—Ç —Ç–µ, –∫—Ç–æ –≤—ã—Å—Ç—É–ø–∞–µ—Ç –∏ —Å–æ—Ä–µ–≤–Ω—É–µ—Ç—Å—è –≤–Ω—É—Ç—Ä–∏ —Å—Ç—Ä–∞–Ω—ã, –ø—Ä–∏—á–µ–º –±–æ–ª—å—à–∏–Ω—Å—Ç–≤–æ –∏–∑ ¬´–≤–Ω—É—Ç—Ä–µ–Ω–Ω–∏—Ö¬ª –≥–µ—Ä–æ–µ–≤ –ø—Ä–µ–¥—Å—Ç–∞–≤–ª—è—é—Ç —Ñ—É—Ç–±–æ–ª—å–Ω—É—é –ª–∏–≥—É –†–ü–õ. 

–ü–æ–¥—Ä–æ–±–Ω–µ–µ –æ —Ä–µ–π—Ç–∏–Ω–≥–µ ‚Äî –Ω–∞ —Å–∞–π—Ç–µ Forbes Sport",,,,,
"–§–ê–° –ø—Ä–µ–¥–ø–∏—Å–∞–ª–∞ –ú–¢–° –∏ ¬´–ú–µ–≥–∞—Ñ–æ–Ω—É¬ª –Ω–µ –≤–∑–∏–º–∞—Ç—å –¥–æ–ø–æ–ª–Ω–∏—Ç–µ–ª—å–Ω—É—é –ø–ª–∞—Ç—É —Å –∞–±–æ–Ω–µ–Ω—Ç–æ–≤, –ø—Ä–∏–µ—Ö–∞–≤—à–∏—Ö –≤ –ö—Ä—ã–º –∏ –°–µ–≤–∞—Å—Ç–æ–ø–æ–ª—å, –ø—Ä–∏–∑–Ω–∞–≤ –æ–ø–µ—Ä–∞—Ç–æ—Ä–æ–≤ –Ω–∞—Ä—É—à–∏–≤—à–∏–º–∏ –∞–Ω—Ç–∏–º–æ–Ω–æ–ø–æ–ª—å–Ω–æ–µ –∑–∞–∫–æ–Ω–æ–¥–∞—Ç–µ–ª—å—Å—Ç–≤–æ. ¬´–í—ã–º–ø–µ–ª–∫–æ–º—É¬ª (–±—Ä–µ–Ω–¥ –±–∏–ª–∞–π–Ω) –§–ê–° –ø—Ä–µ–¥–ø–∏—Å–∞–Ω–∏–µ –Ω–µ –≤—ã–¥–∞–ª–∞ ‚Äî –æ–ø–µ—Ä–∞—Ç–æ—Ä –ø–æ–æ–±–µ—â–∞–ª –¥–æ–±—Ä–æ–≤–æ–ª—å–Ω–æ –æ—Ç–º–µ–Ω–∏—Ç—å –Ω–∞—Ü–µ–Ω–∫–∏ –∏ –ø—Ä–∏–≤–µ—Å—Ç–∏ —Ç–∞—Ä–∏—Ñ—ã –∫ —É—Ä–æ–≤–Ω—é –¥–æ–º–∞—à–Ω–µ–≥–æ —Ä–µ–≥–∏–æ–Ω–∞ —Å 1 —è–Ω–≤–∞—Ä—è 2025 –≥–æ–¥–∞",,,,,
–ß–∏—Å–ª–æ –ø–æ–≥–∏–±—à–∏—Ö –ø—Ä–∏ –≤–∑—Ä—ã–≤–µ –≥–∞–∑–∞ –≤ –ø—è—Ç–∏—ç—Ç–∞–∂–∫–µ –≤ –ß–µ—Ä–∫–µ—Å—Å–∫–µ –¥–æ—Å—Ç–∏–≥–ª–æ —á–µ—Ç—ã—Ä–µ—Ö. –ú—ç—Ä–∏—è –ß–µ—Ä–∫–µ—Å—Å–∫–∞ –≤–≤–µ–ª–∞ –≤ –≥–æ—Ä–æ–¥–µ —Ä–µ–∂–∏–º —á—Ä–µ–∑–≤—ã—á–∞–π–Ω–æ–π —Å–∏—Ç—É–∞—Ü–∏–∏ –º—É–Ω–∏—Ü–∏–ø–∞–ª—å–Ω–æ–≥–æ —Ö–∞—Ä–∞–∫—Ç–µ—Ä–∞,,,,,
"–ú–æ—Å–∫–æ–≤—Å–∫–∏–π —Å–∫–æ—Ä–æ—Å—Ç–Ω–æ–π –¥–∏–∞–º–µ—Ç—Ä (–ú–°–î) ‚Äî —Å–∞–º–∞—è –ø—Ä–æ—Ç—è–∂–µ–Ω–Ω–∞—è –º–∞–≥–∏—Å—Ç—Ä–∞–ª—å –≤–Ω—É—Ç—Ä–∏ –≥–æ—Ä–æ–¥–∞ –¥–ª–∏–Ω–æ–π 68 –∫–º ‚Äî –ø—Ä–æ—Ö–æ–¥–∏—Ç —á–µ—Ä–µ–∑ –º–Ω–æ–∂–µ—Å—Ç–≤–æ –ø—Ä–æ–º–∑–æ–Ω, –Ω–∞–≤—Å–µ–≥–¥–∞ –ø–æ–∫–∏–Ω—É–≤—à–∏—Ö –≥–æ—Ä–æ–¥ –∏–ª–∏ —É–∂–µ –µ–ª–µ –¥—ã—à–∞—â–∏—Ö. –í—Å–µ –æ–Ω–∏ –≤ –ø–æ—Å–ª–µ–¥–Ω–∏–µ –≥–æ–¥—ã –ø—Ä–µ–≤—Ä–∞—Ç–∏–ª–∏—Å—å –≤ —Å—Ç—Ä–æ–∏—Ç–µ–ª—å–Ω—ã–µ –ø–ª–æ—â–∞–¥–∫–∏. –ú–°–î –ø–µ—Ä–µ—Å–µ–∫–∞–µ—Ç 48 —Ä–∞–π–æ–Ω–æ–≤ –ú–æ—Å–∫–≤—ã (–≤—Å–µ–≥–æ –≤ –≥–æ—Ä–æ–¥–µ 132 —Ä–∞–π–æ–Ω–∞), –∏ –µ—Å–ª–∏ –ø—Ä–æ–µ—Ö–∞—Ç—å –ø–æ —ç—Ç–æ–π —Ç—Ä–∞—Å—Å–µ –æ—Ç –Ω–∞—á–∞–ª–∞ (–ë—É—Å–∏–Ω–æ–≤—Å–∫–∞—è —Ä–∞–∑–≤—è–∑–∫–∞ –°–µ–≤–µ—Ä–æ-–í–æ—Å—Ç–æ—á–Ω–æ–π —Ö–æ—Ä–¥—ã) –¥–æ –∫–æ–Ω—Ü–∞ (–ø–µ—Ä–µ—Å–µ—á–µ–Ω–∏–µ –Æ–≥–æ-–í–æ—Å—Ç–æ—á–Ω–æ–π —Ö–æ—Ä–¥—ã —Å¬†–ú–ö–ê–î), —Ç–æ –º–æ–∂–Ω–æ –æ—Ü–µ–Ω–∏—Ç—å –º–∞—Å—à—Ç–∞–± –≤–æ–∑–≤–µ–¥–µ–Ω–∏—è –Ω–æ–≤—ã—Ö –∫–≤–∞–¥—Ä–∞—Ç–Ω—ã—Ö –º–µ—Ç—Ä–æ–≤ –≤ —Å—Ç–æ–ª–∏—Ü–µ. 

–¢–µ–º–ø—ã —Å—Ç—Ä–æ–∏—Ç–µ–ª—å—Å—Ç–≤–∞ ¬´—á–µ–ª–æ–≤–µ–π–Ω–∏–∫–æ–≤¬ª –ø–æ—Ä–∞–∂–∞—é—Ç. –í –ú–æ—Å–∫–≤–µ —Å 2011 –≥–æ–¥–∞ –±—ã–ª–æ –≤–æ–∑–≤–µ–¥–µ–Ω–æ –±–æ–ª–µ–µ 60 –º–ª–Ω –∫–≤. –º –∂–∏–ª—å—è, —á—Ç–æ —É–≤–µ–ª–∏—á–∏–ª–æ –∂–∏–ª–æ–π —Ñ–æ–Ω–¥ –Ω–∞ 25%, –≤ –Ω–æ–≤—ã—Ö –¥–æ–º–∞—Ö –ø—Ä–æ–∂–∏–≤–∞–µ—Ç –æ–∫–æ–ª–æ 2,5 –º–ª–Ω —á–µ–ª–æ–≤–µ–∫. 

–ù–µ—Å–º–æ—Ç—Ä—è –Ω–∞ –≤—Å–µ –¥–æ—Å—Ç–∏–∂–µ–Ω–∏—è —Å–æ–≤—Ä–µ–º–µ–Ω–Ω–æ–π –∞—Ä—Ö–∏—Ç–µ–∫—Ç—É—Ä—ã –≤ —Å–µ–≥–º–µ–Ω—Ç–µ –º–∞—Å—Å–æ–≤–æ–≥–æ/–ø—Ä–µ–º–∏–∞–ª—å–Ω–æ–≥–æ –∂–∏–ª—å—è, –≤—Å–µ —ç—Ç–∏ ¬´–ø–∞—Ä–∫–∏¬ª –∏ ¬´–∫–≤–∞—Ä—Ç–∞–ª—ã¬ª –≤–Ω–µ—à–Ω–µ –º–∞–ª–æ —á–µ–º –æ—Ç–ª–∏—á–∞—é—Ç—Å—è –¥—Ä—É–≥ –æ—Ç –¥—Ä—É–≥–∞ –∏ –≤—ã–≥–ª—è–¥—è—Ç –º–æ—â–Ω—ã–º–∏ –±–∞–∑–∞–º–∏ –∏–Ω–æ–ø–ª–∞–Ω–µ—Ç–Ω—ã—Ö –∫–æ–ª–æ–Ω–∏–∑–∞—Ç–æ—Ä–æ–≤ –ú–æ—Å–∫–≤—ã, –≤—ã—Å–∞–¥–∏–≤—à–∏—Ö—Å—è –≤ –≥–æ—Ä–æ–¥—Å–∫–æ–π —á–µ—Ä—Ç–µ —Å—Ä–µ–¥–∏ –≥—Ä—É–∑–æ–≤—ã—Ö –∂–µ–ª–µ–∑–Ω–æ–¥–æ—Ä–æ–∂–Ω—ã—Ö –ø—É—Ç–µ–π, –∑–∞–±–∏—Ç—ã—Ö –∫–æ–Ω—Ç–µ–π–Ω–µ—Ä–∞–º–∏, –∏ —Ä—è–¥–æ–º —Å¬†–ø–æ–∫–∞ –µ—â–µ –Ω–µ—Ç—Ä–æ–Ω—É—Ç—ã–º–∏ –æ–≥—Ä–æ–º–Ω—ã–º–∏ –ª–µ—Å–æ–ø–∞—Ä–∫–∞–º–∏. 

–°—Ç–æ–ª—å –±—ã—Å—Ç—Ä—ã–π —Ç–µ–º–ø —Å—Ç—Ä–æ–∏—Ç–µ–ª—å—Å—Ç–≤–∞ —Å–≤—è–∑–∞–Ω –ø—Ä–µ–∂–¥–µ –≤—Å–µ–≥–æ —Å –ª—å–≥–æ—Ç–Ω—ã–º–∏ –∏–ø–æ—Ç–µ—á–Ω—ã–º–∏ –ø—Ä–æ–≥—Ä–∞–º–º–∞–º–∏, –∑–∞–ø—É—â–µ–Ω–Ω—ã–º–∏ –ø—Ä–∞–≤–∏—Ç–µ–ª—å—Å—Ç–≤–æ–º –≤ –ø–∞–Ω–¥–µ–º–∏–π–Ω–æ–º 2020 –≥–æ–¥—É –¥–ª—è –≤—Ä–µ–º–µ–Ω–Ω–æ–π –ø–æ–¥–¥–µ—Ä–∂–∫–∏ –∑–∞—Å—Ç—Ä–æ–π—â–∏–∫–æ–≤. 

–ö–∞–∫ –æ—Ç–º–µ–Ω–∞ –ª—å–≥–æ—Ç–Ω–æ–π –∏–ø–æ—Ç–µ–∫–∏ –ø–æ–≤–ª–∏—è–ª–∞ –Ω–∞ —Å—Ç—Ä–æ–∏—Ç–µ–ª—å—Å—Ç–≤–æ –∂–∏–ª—å—è ‚Äî¬†—Ä–∞—Å—Å–∫–∞–∑—ã–≤–∞–µ–º –Ω–∞ —Å–∞–π—Ç–µ Forbes

üì∏: –§–æ—Ç–æ –∞–≥–µ–Ω—Ç—Å—Ç–≤–∞ ¬´–ú–æ—Å–∫–≤–∞¬ª",,,,,
"–ü–æ–≤—ã—à–µ–Ω–∏–µ –∫–ª—é—á–µ–≤–æ–π —Å—Ç–∞–≤–∫–∏ –Ω–µ –ø—Ä–∏–≤–æ–¥–∏—Ç –∫ —Ä–æ—Å—Ç—É —Ü–µ–Ω, —ç—Ç–æ —É—Å—Ç–æ–π—á–∏–≤–æ–µ –∑–∞–±–ª—É–∂–¥–µ–Ω–∏–µ, –∑–∞—è–≤–∏–ª–∞ –≠–ª—å–≤–∏—Ä–∞ –ù–∞–±–∏—É–ª–ª–∏–Ω–∞, –≤—ã—Å—Ç—É–ø–∞—è –Ω–∞ –∑–∞—Å–µ–¥–∞–Ω–∏–∏ –∫–æ–º–∏—Ç–µ—Ç–æ–≤ –≤ –ì–æ—Å–¥—É–º–µ. –ü—Ä–µ–¥—Å–µ–¥–∞—Ç–µ–ª—å –¶–µ–Ω—Ç—Ä–æ–±–∞–Ω–∫–∞ –æ—Ç–º–µ—Ç–∏–ª–∞, —á—Ç–æ –≤—ã—Å–æ–∫–∞—è –∏–Ω—Ñ–ª—è—Ü–∏—è ‚Äî ¬´—ç—Ç–æ –µ—â–µ –∏ –Ω–µ–ø—Ä–µ–¥—Å–∫–∞–∑—É–µ–º–∞—è –∏–Ω—Ñ–ª—è—Ü–∏—è¬ª, —É—Å—Ç–æ–π—á–∏–≤—ã–π —ç–∫–æ–Ω–æ–º–∏—á–µ—Å–∫–∏–π —Ä–æ—Å—Ç –ø—Ä–∏ –Ω–µ–π –Ω–µ–≤–æ–∑–º–æ–∂–µ–Ω. –¶–ë –ø—Ä–æ–¥–æ–ª–∂–∏—Ç –±–æ—Ä–æ—Ç—å—Å—è –∑–∞ –¥–æ—Å—Ç–∏–∂–µ–Ω–∏–µ —Ü–µ–ª–µ–≤–æ–≥–æ –ø–æ–∫–∞–∑–∞—Ç–µ–ª—è –ø–æ –∏–Ω—Ñ–ª—è—Ü–∏–∏ –≤ 4% –∏ ¬´–Ω–µ —Å–æ–±–∏—Ä–∞–µ—Ç—Å—è –¥–µ–ª–∞—Ç—å –Ω–∏–∫–∞–∫–∏—Ö —Å–∫–∏–¥–æ–∫¬ª, –¥–æ–±–∞–≤–∏–ª–∞ –æ–Ω–∞",,,,,
"–¶–µ–Ω—ã –Ω–∞ –∞—Ä–µ–Ω–¥—É –∂–∏–ª—å—è –ø–æ –†–æ—Å—Å–∏–∏ –≤ —Ç—Ä–µ—Ç—å–µ–º –∫–≤–∞—Ä—Ç–∞–ª–µ –æ–±–Ω–æ–≤–∏–ª–∏ –∏—Å—Ç–æ—Ä–∏—á–µ—Å–∫–∏–µ –º–∞–∫—Å–∏–º—É–º—ã, –ø–æ–¥—Å—á–∏—Ç–∞–ª–∏ –≤ ¬´–î–æ–º.–†–§¬ª. –í –ú–æ—Å–∫–≤–µ —Å—Ç–æ–∏–º–æ—Å—Ç—å –∞—Ä–µ–Ω–¥—ã –≤ —Å—Ä–µ–¥–Ω–µ–º —Å–æ—Å—Ç–∞–≤–∏–ª–∞ 111 000 —Ä—É–±–ª–µ–π –≤ –º–µ—Å—è—Ü, –≤ –°–∞–Ω–∫—Ç-–ü–µ—Ç–µ—Ä–±—É—Ä–≥–µ ‚Äî 56 000 —Ä—É–±–ª–µ–π, –º–µ–Ω–µ–µ —á–µ–º –∑–∞ –¥–≤–∞ –≥–æ–¥–∞ —Å—Ç–∞–≤–∫–∏ –≤—ã—Ä–æ—Å–ª–∏ –Ω–∞ 70%",,,,,
"‚ùó–ö—Å–µ–Ω–∏—è –Æ–¥–∞–µ–≤–∞ —Å 31 –æ–∫—Ç—è–±—Ä—è –ø–æ–∫–∏–Ω–µ—Ç –ø–æ—Å—Ç —Å–æ–≤–µ—Ç–Ω–∏–∫–∞ –≥–ª–∞–≤—ã –¶–µ–Ω—Ç—Ä–æ–±–∞–Ω–∫–∞ –∏ –ø—Ä–æ–¥–æ–ª–∂–∏—Ç —Ä–∞–±–æ—Ç—É –∑–∞ –ø—Ä–µ–¥–µ–ª–∞–º–∏ –ë–∞–Ω–∫–∞ –†–æ—Å—Å–∏–∏, —Å–æ–æ–±—â–∏–ª —Ä–µ–≥—É–ª—è—Ç–æ—Ä. –ö—É–¥–∞ –∏–º–µ–Ω–Ω–æ –ø–µ—Ä–µ–π–¥–µ—Ç –Æ–¥–∞–µ–≤–∞, –≤ –¶–ë –Ω–µ —É—Ç–æ—á–Ω–∏–ª–∏. ¬´–¢–æ, —á—Ç–æ –Ω–∞–º —É–¥–∞–ª–æ—Å—å —Å–æ—Ö—Ä–∞–Ω–∏—Ç—å —Ñ–∏–Ω–∞–Ω—Å–æ–≤—É—é —Å—Ç–∞–±–∏–ª—å–Ω–æ—Å—Ç—å –≤ –∫—Ä–∏–∑–∏—Å—ã, ‚Äî —ç—Ç–æ –≤–æ –º–Ω–æ–≥–æ–º –µ–µ –∑–∞—Å–ª—É–≥–∞¬ª, ‚Äî –æ—Ç–º–µ—Ç–∏–ª–∞ –ù–∞–±–∏—É–ª–ª–∏–Ω–∞. –î–æ –∞–≤–≥—É—Å—Ç–∞ 2023-–≥–æ –Æ–¥–∞–µ–≤–∞ –ø—Ä–∞–∫—Ç–∏—á–µ—Å–∫–∏ 10 –ª–µ—Ç –∑–∞–Ω–∏–º–∞–ª–∞ –¥–æ–ª–∂–Ω–æ—Å—Ç—å –ø–µ—Ä–≤–æ–≥–æ –∑–∞–º–ø—Ä–µ–¥–∞ –ë–∞–Ω–∫–∞ –†–æ—Å—Å–∏–∏",,,,,
"–°–±–µ—Ä–±–∞–Ω–∫ –ø–æ–≤—ã—Å–∏–ª —Å—Ç–∞–≤–∫–∏ –ø–æ —Å–∞–º—ã–º –ø–æ–ø—É–ª—è—Ä–Ω—ã–º –¥–µ–ø–æ–∑–∏—Ç–∞–º –¥–æ 21% –≥–æ–¥–æ–≤—ã—Ö. –†–∞–Ω–µ–µ –ø–æ–≤—ã—Å–∏–ª —Å—Ç–∞–≤–∫–∏ –ø–æ —Å–±–µ—Ä–µ–≥–∞—Ç–µ–ª—å–Ω—ã–º –ø—Ä–æ–¥—É–∫—Ç–∞–º –≤ —Ä—É–±–ª—è—Ö –Ω–∞ 1 –ø.–ø. –í–¢–ë. –ë–∞–Ω–∫–∏ –ø–æ–¥–Ω–∏–º–∞—é—Ç –¥–æ—Ö–æ–¥–Ω–æ—Å—Ç—å –ø–æ –≤–∫–ª–∞–¥–∞–º –Ω–∞ —Ñ–æ–Ω–µ —Ä–µ—à–µ–Ω–∏–µ –¶–ë, –∫–æ—Ç–æ—Ä—ã–π 25 –æ–∫—Ç—è–±—Ä—è –ø–æ–¥–Ω—è–ª –∫–ª—é—á–µ–≤—É—é —Å—Ç–∞–≤–∫—É –Ω–∞ 2 –ø—Ä–æ—Ü–µ–Ω—Ç–Ω—ã—Ö –ø—É–Ω–∫—Ç–∞, –¥–æ 21%, —á—Ç–æ —è–≤–ª—è–µ—Ç—Å—è –∏—Å—Ç–æ—Ä–∏—á–µ—Å–∫–∏–º –º–∞–∫—Å–∏–º—É–º–æ–º",,,,,
"–ß–∏—Å–ª–æ –ø–æ–≥–∏–±—à–∏—Ö –ø—Ä–∏ –≤–∑—Ä—ã–≤–µ –≥–∞–∑–∞ –≤ –ø—è—Ç–∏—ç—Ç–∞–∂–Ω–æ–º –∂–∏–ª–æ–º –¥–æ–º–µ –≤ –ß–µ—Ä–∫–µ—Å—Å–∫–∞ –≤—ã—Ä–æ—Å–ª–æ –¥–æ –ø—è—Ç–∏. –ï—â–µ —á–µ—Ç—ã—Ä–µ —á–µ–ª–æ–≤–µ–∫–∞, –ø–æ –ø–æ—Å–ª–µ–¥–Ω–∏–º –¥–∞–Ω–Ω—ã–º, –ø–æ—Å—Ç—Ä–∞–¥–∞–ª–∏",,,,,
"–ö–∞–∫ –∫–∏—Ç–∞–π—Å–∫–∏–µ –∫–æ–º–ø–∞–Ω–∏–∏ –≤—ã—Ç–µ—Å–Ω–∏–ª–∏ —Ä–æ—Å—Å–∏–π—Å–∫–∏–µ –∏–∑ —Å—Ç—Ä–∞–Ω –ó–∞–ª–∏–≤–∞ –∏ —á—Ç–æ –º—ã –¥–µ–ª–∞–µ–º –Ω–µ —Ç–∞–∫

–¢—Ä–∏ –≥–æ–¥–∞ –Ω–∞–∑–∞–¥ –º–Ω–æ–≥–∏–µ —Ä–æ—Å—Å–∏–π—Å–∫–∏–µ –∫–æ–º–ø–∞–Ω–∏–∏, –ø–æ–¥–¥–∞–≤—à–∏—Å—å –æ–±—â–µ–º—É –Ω–∞—Å—Ç—Ä–æ–µ–Ω–∏—é, –æ—Ç–ø—Ä–∞–≤–∏–ª–∏—Å—å –ø—Ä–æ–±–æ–≤–∞—Ç—å —Å–≤–æ–∏ —Å–∏–ª—ã –≤ —Å—Ç—Ä–∞–Ω—ã –ó–∞–ª–∏–≤–∞ (Gulf Cooperation Council countries ‚Äî GCC, —Å—é–¥–∞ –≤—Ö–æ–¥—è—Ç –ë–∞—Ö—Ä–µ–π–Ω, –ö—É–≤–µ–π—Ç, –û–º–∞–Ω, –ö–∞—Ç–∞—Ä, –°–∞—É–¥–æ–≤—Å–∫–∞—è –ê—Ä–∞–≤–∏—è –∏ –û–ê–≠) –∏ —Ä–∞–¥–æ—Å—Ç–Ω–æ —Å—Ç—Ä–æ–∏–ª–∏ –ø–ª–∞–Ω—ã –ø–æ –∑–∞—Ö–≤–∞—Ç—É —ç—Ç–æ–≥–æ –Ω–æ–≤–æ–≥–æ –º–∏—Ä–∞, –≤ —á–µ–º-—Ç–æ —Ç–∞–∫ –ø–æ—Ö–æ–∂–µ–≥–æ –Ω–∞ –†–æ—Å—Å–∏—é. –°–µ–≥–æ–¥–Ω—è —á–∞—Å—Ç—å —ç—Ç–∏—Ö –∫–æ–º–ø–∞–Ω–∏–π –ª–∏–±–æ –∑–∞–∫—Ä—ã–≤–∞—é—Ç —Å–≤–æ–∏ –æ—Ñ–∏—Å—ã, –ª–∏–±–æ —Å–¥–µ—Ä–∂–∞–Ω–Ω–æ –ø—Ä–∏–∑–Ω–∞—é—Ç, —á—Ç–æ —ç—Ç–æ –≤–æ–≤—Å–µ –Ω–µ —Ç–æ—Ç —Ä–µ–≥–∏–æ–Ω, –≥–¥–µ –≥–∞—Ä–∞–Ω—Ç–∏—Ä—É—é—Ç—Å—è –∑–æ–ª–æ—Ç—ã–µ –≥–æ—Ä—ã.

–ó–∞—Ç–æ –∫–∏—Ç–∞–π—Å–∫–∏–π –∫—Ä—É–ø–Ω—ã–π –±–∏–∑–Ω–µ—Å –≤ —Ä–µ–≥–∏–æ–Ω–µ –æ—Å–≤–∞–∏–≤–∞–µ—Ç—Å—è –≤–ø–æ–ª–Ω–µ —É—Å–ø–µ—à–Ω–æ. –≠–∫—Å–ø–µ—Ä—Ç –ø–æ —Ä–µ–≥–∏–æ–Ω—É –∏ –±—ã–≤—à–∏–π –¥–∏—Ä–µ–∫—Ç–æ—Ä –ø–æ —Ä–∞–∑–≤–∏—Ç–∏—é –±–∏–∑–Ω–µ—Å–∞ Schlumberger –≤ —Å—Ç—Ä–∞–Ω–∞—Ö –ë–ª–∏–∂–Ω–µ–≥–æ –í–æ—Å—Ç–æ–∫–∞ –ö–∏—Ä–∏–ª–ª –û–≤—á–∏–Ω–Ω–∏–∫–æ–≤ –≤ –∫–æ–ª–æ–Ω–∫–µ –¥–ª—è Forbes —Ä–∞—Å—Å–∫–∞–∑—ã–≤–∞–µ—Ç, —á—Ç–æ –ø–æ–º–µ—à–∞–ª–æ —Ä–æ—Å—Å–∏–π—Å–∫–∏–º –∫–æ–º–ø–∞–Ω–∏—è–º –∑–∞–Ω—è—Ç—å —Ç–∞–º –¥–æ—Å—Ç–æ–π–Ω–æ–µ –º–µ—Å—Ç–æ –∏ —á–µ–º—É –Ω–∞–º —Å—Ç–æ–∏—Ç –ø–æ—É—á–∏—Ç—å—Å—è —É –∫–∏—Ç–∞–π—Ü–µ–≤ (–µ—Å–ª–∏ –µ—â–µ –Ω–µ –ø–æ–∑–¥–Ω–æ). –ß–∏—Ç–∞–π—Ç–µ –Ω–∞ —Å–∞–π—Ç–µ 

üì∏: Ali Haider / EPA",,,,,
"–ó–∞ –æ–∫—Ç—è–±—Ä—å —Ä–æ—Å—Å–∏–π—Å–∫–∏–µ –≤–æ–π—Å–∫–∞ —É—Å—Ç–∞–Ω–æ–≤–∏–ª–∏ –∫–æ–Ω—Ç—Ä–æ–ª—å –Ω–∞–¥ –±–æ–ª–µ–µ 400 –∫–≤. –∫–º —Ç–µ—Ä—Ä–∏—Ç–æ—Ä–∏–∏ –î–æ–Ω–±–∞—Å—Å–∞, –ø–æ–¥—Å—á–∏—Ç–∞–ª–∞ NYT. –≠—Ç–æ —Å–∞–º–æ–µ –±—ã—Å—Ç—Ä–æ–µ –º–µ—Å—è—á–Ω–æ–µ –ø—Ä–æ–¥–≤–∏–∂–µ–Ω–∏–µ –í–æ–æ—Ä—É–∂–µ–Ω–Ω—ã—Ö —Å–∏–ª –†–æ—Å—Å–∏–∏ —Å –ª–µ—Ç–∞ 2022 –≥–æ–¥–∞, –ø–æ–¥—á–µ—Ä–∫–∏–≤–∞–µ—Ç –∏–∑–¥–∞–Ω–∏–µ",,,,,
"–ö–æ–Ω—Å—Ç–∏—Ç—É—Ü–∏–æ–Ω–Ω—ã–π —Å—É–¥ –ø—Ä–∏–∑–Ω–∞–ª –Ω–µ —Å–æ–æ—Ç–≤–µ—Ç—Å—Ç–≤—É—é—â–∏–º–∏ –ö–æ–Ω—Å—Ç–∏—Ç—É—Ü–∏–∏ –ø–æ–ª–æ–∂–µ–Ω–∏—è —Å—Ç–∞—Ç–µ–π –ì—Ä–∞–∂–¥–∞–Ω—Å–∫–æ–≥–æ –∫–æ–¥–µ–∫—Å–∞, –∫–æ—Ç–æ—Ä—ã–µ —É—Å—Ç–∞–Ω–∞–≤–ª–∏–≤–∞—é—Ç —Å—Ä–æ–∫–∏ –∏—Å–∫–æ–≤–æ–π –¥–∞–≤–Ω–æ—Å—Ç–∏ –ø—Ä–∏ –≤–∑—ã—Å–∫–∞–Ω–∏–∏ –∏–º—É—â–µ—Å—Ç–≤–∞ –ø–æ –∫–æ—Ä—Ä—É–ø—Ü–∏–æ–Ω–Ω—ã–º –¥–µ–ª–∞–º. –ö–° —É–∫–∞–∑–∞–ª, —á—Ç–æ –≤ –¥–µ–π—Å—Ç–≤—É—é—â–µ–º –∑–∞–∫–æ–Ω–æ–¥–∞—Ç–µ–ª—å—Å—Ç–≤–µ —Å—Ä–æ–∫, –æ–≥—Ä–∞–Ω–∏—á–∏–≤–∞—é—â–∏–π –≤–æ–∑–º–æ–∂–Ω–æ—Å—Ç—å –ø–æ–¥–∞—á–∏ –∏—Å–∫–∞ –æ–± –æ–±—Ä–∞—â–µ–Ω–∏–∏ –≤ –¥–æ—Ö–æ–¥ –≥–æ—Å—É–¥–∞—Ä—Å—Ç–≤–∞ –∫–æ—Ä—Ä—É–ø—Ü–∏–æ–Ω–Ω–æ–≥–æ –∏–º—É—â–µ—Å—Ç–≤–∞, —Å—á–∏—Ç–∞–µ—Ç—Å—è –Ω–µ—É—Å—Ç–∞–Ω–æ–≤–ª–µ–Ω–Ω—ã–º, —á—Ç–æ –∞–¥–µ–∫–≤–∞—Ç–Ω–æ –æ—Ç—Ä–∞–∂–∞–µ—Ç ¬´–≤ –∫–æ–Ω–∫—Ä–µ—Ç–Ω—ã—Ö –∏—Å—Ç–æ—Ä–∏—á–µ—Å–∫–∏—Ö —É—Å–ª–æ–≤–∏—è—Ö –æ–±—â–µ—Å—Ç–≤–µ–Ω–Ω—ã–µ –ø–æ—Ç—Ä–µ–±–Ω–æ—Å—Ç–∏¬ª",,,,,
"–ü—Ä–∞–≤–∏—Ç–µ–ª—å—Å—Ç–≤–æ –Ω–µ –±—É–¥–µ—Ç –ø—Ä–µ–∂–¥–µ–≤—Ä–µ–º–µ–Ω–Ω–æ —Å–Ω–∏–º–∞—Ç—å –∑–∞–ø—Ä–µ—Ç –Ω–∞ —ç–∫—Å–ø–æ—Ä—Ç –±–µ–Ω–∑–∏–Ω–∞, –∫–æ—Ç–æ—Ä—ã–π –¥–µ–π—Å—Ç–≤—É–µ—Ç –¥–æ –∫–æ–Ω—Ü–∞ –≥–æ–¥–∞, –Ω–∞ —Ñ–æ–Ω–µ –ø—Ä–æ–¥–æ–ª–∂–∞—é—â–∏—Ö—Å—è –≤ –Ω–æ—è–±—Ä–µ —Ä–µ–º–æ–Ω—Ç–æ–≤ –ù–ü–ó, —É–∑–Ω–∞–ª ¬´–ö–æ–º–º–µ—Ä—Å–∞–Ω—Ç—ä¬ª. –°–æ–±–µ—Å–µ–¥–Ω–∏–∫–∏ –≥–∞–∑–µ—Ç—ã –ø—Ä–µ–¥—É–ø—Ä–µ–¥–∏–ª–∏, —á—Ç–æ —Ä—ã–Ω–æ–∫ –ø–æ–∫–∞ –Ω–µ –Ω–∞—Å—ã—â–µ–Ω —Ç–æ–ø–ª–∏–≤–æ–º, –∞ –∑–Ω–∞—á–∏—Ç ‚Äî —Å–Ω—è—Ç–∏–µ –∑–∞–ø—Ä–µ—Ç–∞ –º–æ–∂–µ—Ç –ø—Ä–∏–≤–µ—Å—Ç–∏ –∫ —Ä–æ—Å—Ç—É —Ü–µ–Ω –Ω–∞ –Ω–µ–≥–æ. –ü–æ –¥–∞–Ω–Ω—ã–º –†–æ—Å—Å—Ç–∞—Ç–∞ –Ω–∞ 28 –æ–∫—Ç—è–±—Ä—è, —Ü–µ–Ω–∞ –Ω–∞ –ê–∏-95 —Å –∫–æ–Ω—Ü–∞ –ø—Ä–æ—à–ª–æ–≥–æ –≥–æ–¥–∞ –≤—ã—Ä–æ—Å–ª–∞ –Ω–∞ 7,5%, –Ω–∞ –ê–∏-92 ‚Äî –Ω–∞ 7%. –í –∫–æ–Ω—Ü–µ —Å–µ–Ω—Ç—è–±—Ä—è –ù–æ–≤–∞–∫ –¥–æ–ø—É—Å—Ç–∏–ª —Å–Ω—è—Ç–∏–µ –æ–≥—Ä–∞–Ω–∏—á–µ–Ω–∏–π –ø—Ä–∏ –ø—Ä–æ—Ñ–∏—Ü–∏—Ç–µ –ø—Ä–µ–¥–ª–æ–∂–µ–Ω–∏—è",,,,,
"–†–æ—Å–∞–≤–∏–∞—Ü–∏—è –¥–æ 24 –Ω–æ—è–±—Ä—è –ø—Ä–æ–¥–ª–∏–ª–∞ –¥–ª—è —Ä–æ—Å—Å–∏–π—Å–∫–∏—Ö –∞–≤–∏–∞–∫–æ–º–ø–∞–Ω–∏–π –æ–≥—Ä–∞–Ω–∏—á–µ–Ω–∏—è –Ω–∞ –ø–æ–ª–µ—Ç—ã –≤ –ò–∑—Ä–∞–∏–ª—å, –ò—Ä–∞–∫ –∏ –ò—Ä–∞–Ω. –ó–∞—Ö–æ–¥–∏—Ç—å –≤ –≤–æ–∑–¥—É—à–Ω–æ–µ –ø—Ä–æ—Å—Ç—Ä–∞–Ω—Å—Ç–≤–æ —ç—Ç–∏—Ö —Å—Ç—Ä–∞–Ω –∞–≤–∏–∞–∫–æ–º–ø–∞–Ω–∏—è–º —Ä–µ–∫–æ–º–µ–Ω–¥—É–µ—Ç—Å—è –≤ –¥–Ω–µ–≤–Ω–æ–µ –≤—Ä–µ–º—è",,,,,
"–ö—Ä—É–ø–Ω–µ–π—à–∏–π –ø—Ä–æ–∏–∑–≤–æ–¥–∏—Ç–µ–ª—å –¥—Ä–æ–Ω–æ–≤ –≤ –°–®–ê Skydio, –ø–æ—Å—Ç–∞–≤–ª—è—é—â–∏–π –¥—Ä–æ–Ω—ã –£–∫—Ä–∞–∏–Ω–µ, —Å—Ç–æ–ª–∫–Ω—É–ª—Å—è —Å –∫—Ä–∏–∑–∏—Å–æ–º –≤ —Ü–µ–ø–æ—á–∫–µ –ø–æ—Å—Ç–∞–≤–æ–∫, –≤—ã–∑–≤–∞–Ω–Ω—ã–º –∫–∏—Ç–∞–π—Å–∫–∏–º–∏ —Å–∞–Ω–∫—Ü–∏—è–º–∏ –≤ –æ—Ç–Ω–æ—à–µ–Ω–∏–∏ –∫–æ–º–ø–∞–Ω–∏–∏, —É–∑–Ω–∞–ª–∞ FT. –ü–æ –¥–∞–Ω–Ω—ã–º –≥–∞–∑–µ—Ç—ã, —Å–∞–Ω–∫—Ü–∏–∏ –ö–∏—Ç–∞—è, –≤–≤–µ–¥–µ–Ω–Ω—ã–µ –≤ –æ—Ç–≤–µ—Ç –Ω–∞ –æ–¥–æ–±—Ä–µ–Ω–∏–µ –í–∞—à–∏–Ω–≥—Ç–æ–Ω–æ–º –ø—Ä–æ–¥–∞–∂–∏ —É–¥–∞—Ä–Ω—ã—Ö –±–µ—Å–ø–∏–ª–æ—Ç–Ω–∏–∫–æ–≤ –¢–∞–π–≤–∞–Ω—é, —Ç–∞–∫–∂–µ –∑–∞—Ç—Ä–æ–Ω—É–ª–∏ –Ω–µ—Å–∫–æ–ª—å–∫–æ –∞–º–µ—Ä–∏–∫–∞–Ω—Å–∫–∏—Ö –≥—Ä—É–ø–ø. –¢–µ–ø–µ—Ä—å Skydio ¬´—Å–ø–µ—à–∏—Ç –Ω–∞–π—Ç–∏ –∞–ª—å—Ç–µ—Ä–Ω–∞—Ç–∏–≤–Ω—ã—Ö –ø–æ—Å—Ç–∞–≤—â–∏–∫–æ–≤¬ª, –ø–∏—à–µ—Ç FT",,,,,
"–ß—Ç–æ —Ç–∞–∫–æ–µ –Ω–µ—Ç–≤–æ—Ä–∫–∏–Ω–≥ –∏ —Å–æ—Ü–∏–∞–ª—å–Ω—ã–π –∏–Ω—Ç–µ–ª–ª–µ–∫—Ç? –ú–æ–≥—É—Ç –ª–∏ —Å–ª–∞–±—ã–µ —Å–≤—è–∑–∏ –±—ã—Ç—å —ç—Ñ—Ñ–µ–∫—Ç–∏–≤–Ω–µ–µ —Å–∏–ª—å–Ω—ã—Ö? –ü–æ—á–µ–º—É ¬´—Ç–µ–æ—Ä–∏—è —à–µ—Å—Ç–∏ —Ä—É–∫–æ–ø–æ–∂–∞—Ç–∏–π¬ª –Ω–µ —Ä–∞–±–æ—Ç–∞–µ—Ç? –ö–∞–∫ –≤—ã—Å—Ç—Ä–∞–∏–≤–∞—Ç—å —Å–µ—Ç—å –ø–æ–ª–µ–∑–Ω—ã—Ö –∑–Ω–∞–∫–æ–º—Å—Ç–≤, –µ—Å–ª–∏ —Ç—ã –∏–Ω—Ç—Ä–æ–≤–µ—Ä—Ç?

–ù–µ—Ç–≤–æ—Ä–∫–∏–Ω–≥ (—Å –∞–Ω–≥–ª.: network ‚Äî ¬´—Å–µ—Ç—å¬ª, ¬´–æ–±—â–µ–Ω–∏–µ¬ª, ¬´–Ω–∞–ª–∞–∂–∏–≤–∞–Ω–∏–µ —Å–≤—è–∑–µ–π¬ª) ‚Äî —ç—Ç–æ —Å–æ–∑–¥–∞–Ω–∏–µ –∏ —Ä–∞–∑–≤–∏—Ç–∏–µ —Å–µ—Ç–∏ –ø–æ–ª–µ–∑–Ω—ã—Ö –∑–Ω–∞–∫–æ–º—Å—Ç–≤. –ú–Ω–æ–≥–∏–µ –∏–∑ –Ω–∞—Å –∑–∞–±–ª—É–∂–¥–∞—é—Ç—Å—è, –ø–æ–ª–∞–≥–∞—è, —á—Ç–æ, –∫–∞–∫ –≤ —Ñ–∏–ª—å–º–µ ¬´–ï–ª–∫–∏¬ª, –µ—Å–ª–∏ –Ω–∞–º –∫—Ç–æ-—Ç–æ –ø–æ–Ω–∞–¥–æ–±–∏—Ç—Å—è, –º—ã –µ–≥–æ –±—ã—Å—Ç—Ä–æ –Ω–∞–π–¥–µ–º. ¬´–≠—Ç–æ –º–∏—Ñ. –ò —á–µ–º —Å—Ç–∞—Ä—à–µ —Ç—ã —Å—Ç–∞–Ω–æ–≤–∏—à—å—Å—è, —Ç–µ–º —Ç—è–∂–µ–ª–µ–µ —Ç–µ–±–µ –±—É–¥–µ—Ç —Ç–∞–∫—É—é –∑–∞–¥–∞—á—É —Ä–µ—à–∏—Ç—å, –µ—Å–ª–∏ —Ç—ã –Ω–µ —Ä–∞–∑–≤–∏–≤–∞–ª –≤ –º–æ–ª–æ–¥–æ—Å—Ç–∏ —Å–≤–æ–∏ —Å–≤—è–∑–∏, –Ω–µ –±—ã–ª –æ–±—â–∏—Ç–µ–ª—å–Ω—ã–º —á–µ–ª–æ–≤–µ–∫–æ–º¬ª, ‚Äî –æ–±—ä—è—Å–Ω—è–µ—Ç —ç–∫—Å–ø–µ—Ä—Ç –ø–æ –∫–æ–º–º—É–Ω–∏–∫–∞—Ü–∏—è–º –∏ —Å–æ—Ü–∏–∞–ª—å–Ω—ã–º —Å–≤—è–∑—è–º, –±–∏–∑–Ω–µ—Å-—Ç—Ä–µ–Ω–µ—Ä, –∫–æ–Ω—Å—É–ª—å—Ç–∞–Ω—Ç –∏ –∞–≤—Ç–æ—Ä –∫–Ω–∏–≥ –ú–∞–∫—Å–∏–º –§–µ–ª—å–¥–º–∞–Ω. 

–ö–∞–∫ —Ä–∞–∑–≤–∏–≤–∞—Ç—å —Å–µ—Ç—å –ø–æ–ª–µ–∑–Ω—ã—Ö –∑–Ω–∞–∫–æ–º—Å—Ç–≤? –ú–æ–∂–Ω–æ –ª–∏ –Ω–∞–∫–æ–ø–∏—Ç—å —Å–æ—Ü–∏–∞–ª—å–Ω—ã–π –∫–∞–ø–∏—Ç–∞–ª? –ò —á–µ–º –æ—Ç–ª–∏—á–∞–µ—Ç—Å—è –Ω–µ—Ç–≤–æ—Ä–∫–∏–Ω–≥ –≤ ¬´–ø–µ—Ä—Å–∏–∫–æ–≤—ã—Ö¬ª –∏ ¬´–∫–æ–∫–æ—Å–æ–≤—ã—Ö¬ª –∫—É–ª—å—Ç—É—Ä–∞—Ö?

–í–æ –≤—Å–µ–º —ç—Ç–æ–º —Ä–∞–∑–±–∏—Ä–∞–µ–º—Å—è –≤ 13 –≤—ã–ø—É—Å–∫–µ –ø–æ–¥–∫–∞—Å—Ç–∞ ¬´–ö–∞–∫ –∂–∏—Ç—å –∂–∏–∑–Ω—å? | FOMO –∏ YOLO¬ª.

–°–ª—É—à–∞–π—Ç–µ –ø—Ä—è–º–æ —Å–µ–π—á–∞—Å:

‚Ä¢ –Ω–∞ —Å–∞–π—Ç–µ Forbes 

‚Ä¢ –≤ –ø–ª–µ–µ—Ä–µ Telegram 

‚Ä¢ –≤ Apple Podcasts 
 
‚Ä¢ –Ω–∞ ¬´–Ø–Ω–¥–µ–∫—Å –ú—É–∑—ã–∫–µ¬ª 

‚Ä¢ –≤ Castbox

‚Ä¢ –≤ YouTube
 
‚Ä¢ –∏–ª–∏ –Ω–∞ –¥—Ä—É–≥–æ–π —É–¥–æ–±–Ω–æ–π –ø–ª–æ—â–∞–¥–∫–µ 

#FOMO–∏YOLO #–∫–∞–∫–∂–∏—Ç—å–∂–∏–∑–Ω—å #–ö–ñ–ñ @forbes_young",,,,,
"–í 2024 –≥–æ–¥—É –±—ã–ª–æ –ø—Ä–æ–≤–µ–¥–µ–Ω–æ –Ω–µ—Å–∫–æ–ª—å–∫–æ —ç–∫—Å–ø–µ—Ä–∏–º–µ–Ω—Ç–æ–≤ —Å –±–µ—Å–ø–∏–ª–æ—Ç–Ω—ã–º–∏ –ª–µ–≥–∫–æ–≤—ã–º–∏ –∏ –≥—Ä—É–∑–æ–≤—ã–º–∏ —Ç—Ä–∞–Ω—Å–ø–æ—Ä—Ç–Ω—ã–º–∏ —Å—Ä–µ–¥—Å—Ç–≤–∞–º–∏. –û–Ω–∏ –ø–æ–∫–∞–∑–∞–ª–∏, —á—Ç–æ –∞–≤—Ç–æ–Ω–æ–º–Ω—ã–µ –º–∞—à–∏–Ω—ã –º–æ–≥—É—Ç —Å–æ–∫—Ä–∞—Ç–∏—Ç—å –∞–≤–∞—Ä–∏–π–Ω–æ—Å—Ç—å –Ω–∞ –¥–æ—Ä–æ–≥–∞—Ö –Ω–∞ 90%, –∞ –∑–∞—Ç—Ä–∞—Ç—ã –Ω–∞ –≥—Ä—É–∑–æ–ø–µ—Ä–µ–≤–æ–∑–∫–∏ ‚Äî –Ω–∞ 30%.

–° –≤–Ω–µ–¥—Ä–µ–Ω–∏–µ–º –±–µ—Å–ø–∏–ª–æ—Ç–Ω—ã—Ö –∞–≤—Ç–æ–º–æ–±–∏–ª–µ–π –∏–∑–º–µ–Ω—è—Ç—Å—è –∏ —Å—Ç—Ä–∞—Ö–æ–≤—ã–µ –ø—Ä–æ–¥—É–∫—Ç—ã –¥–ª—è –Ω–∏—Ö. –¢–∞–∫, –ø–æ–ª–∏—Å—ã –±—É–¥—É—Ç –∑–∞—â–∏—â–∞—Ç—å –Ω–µ —Ç–æ–ª—å–∫–æ –æ—Ç —Ç—Ä–∞–¥–∏—Ü–∏–æ–Ω–Ω—ã—Ö —Ä–∏—Å–∫–æ–≤, –Ω–æ –∏ –æ—Ç –Ω–æ–≤—ã—Ö —É–≥—Ä–æ–∑, —Å–≤—è–∑–∞–Ω–Ω—ã—Ö —Å —Ü–∏—Ñ—Ä–æ–≤—ã–º–∏ —Å–∏—Å—Ç–µ–º–∞–º–∏, –Ω–∞–ø—Ä–∏–º–µ—Ä, —Å–±–æ–µ–≤ –ü–û –∏ –∫–∏–±–µ—Ä–∞—Ç–∞–∫.

–ö–∞–∫ –±—É–¥–µ—Ç –≤—ã–≥–ª—è–¥–µ—Ç—å —Å—Ç—Ä–∞—Ö–æ–≤–∞–Ω–∏–µ –±—É–¥—É—â–µ–≥–æ, –≤ —Å–≤–æ–µ–π –∫–æ–ª–æ–Ω–∫–µ —Ä–∞—Å—Å–∫–∞–∑–∞–ª–∞ –Æ–ª–∏—è –ì–∞–¥–ª–∏–±–∞, –≥–µ–Ω–µ—Ä–∞–ª—å–Ω—ã–π –¥–∏—Ä–µ–∫—Ç–æ—Ä –ì—Ä—É–ø–ø—ã –†–µ–Ω–µ—Å—Å–∞–Ω—Å —Å—Ç—Ä–∞—Ö–æ–≤–∞–Ω–∏–µ

*–ò–Ω—Ñ–æ—Ä–º–∞—Ü–∏–æ–Ω–Ω–∞—è –ø–æ–¥–¥–µ—Ä–∂–∫–∞",,,,,
"–ü—Ä–æ–∏–∑–≤–æ–¥–∏—Ç–µ–ª–µ–π —ç–Ω–µ—Ä–≥–µ—Ç–∏–∫–æ–≤ –º–æ–≥—É—Ç –æ–±—è–∑–∞—Ç—å –º–∞—Ä–∫–∏—Ä–æ–≤–∞—Ç—å —Ä–µ–∫–ª–∞–º—É –∏ –ø—Ä–µ–¥—É–ø—Ä–µ–∂–¥–∞—Ç—å –≤ –Ω–µ–π –æ –≤—Ä–µ–¥–µ —á—Ä–µ–∑–º–µ—Ä–Ω–æ–≥–æ —É–ø–æ—Ç—Ä–µ–±–ª–µ–Ω–∏—è —Ç–∞–∫–∏—Ö –Ω–∞–ø–∏—Ç–∫–æ–≤, —É–∑–Ω–∞–ª –†–ë–ö. –í¬†–§–ê–°¬†—Å–æ–æ–±—â–∏–ª–∏, —á—Ç–æ —ç—Ç–æ –ø—Ä–µ–¥–ª–æ–∂–µ–Ω–∏–µ –±—ã–ª–æ –Ω–∞–ø—Ä–∞–≤–ª–µ–Ω–æ –≤ –ì–æ—Å–¥—É–º—É. –ï—Å–ª–∏ –∏–Ω–∏—Ü–∏–∞—Ç–∏–≤–∞ –±—É–¥–µ—Ç –æ–¥–æ–±—Ä–µ–Ω–∞, –º–∞—Ä–∫–∏—Ä–æ–≤–∫–∞ –≤ —Ä–µ–∫–ª–∞–º–µ —ç–Ω–µ—Ä–≥–µ—Ç–∏–∫–æ–≤ —Å—Ç–∞–Ω–µ—Ç –æ–±—è–∑–∞—Ç–µ–ª—å–Ω–æ–π. –í –°–æ—é–∑–µ –ø—Ä–æ–∏–∑–≤–æ–¥–∏—Ç–µ–ª–µ–π —Å–æ–∫–æ–≤, –≤–æ–¥—ã –∏ –Ω–∞–ø–∏—Ç–∫–æ–≤ –ø—Ä–µ–¥—É–ø—Ä–µ–¥–∏–ª–∏ –æ –≤–∞–∂–Ω–æ—Å—Ç–∏ –Ω–µ–¥–æ–ø—É—â–µ–Ω–∏—è ¬´–¥–µ–º–æ–Ω–∏–∑–∞—Ü–∏–∏¬ª –∫–∞—Ç–µ–≥–æ—Ä–∏–∏ —ç–Ω–µ—Ä–≥–µ—Ç–∏–∫–æ–≤",,,,,
"–ü–∞—á–∫–∞ —Å–ª–∏–≤–æ—á–Ω–æ–≥–æ –º–∞—Å–ª–∞ –º–∞—Å—Å–æ–π 180 –≥ –∑–∞ –≥–æ–¥ –ø–æ–¥–æ—Ä–æ–∂–∞–ª–∞ –≤ —Å—Ä–µ–¥–Ω–µ–º –ø–æ –†–æ—Å—Å–∏–∏ –Ω–∞ 24% –∏ –≤ –æ–∫—Ç—è–±—Ä–µ –¥–æ—Å—Ç–∏–≥–ª–∞ 184 —Ä—É–±–ª–µ–π, –ø–æ–¥—Å—á–∏—Ç–∞–ª–∏ –∞–Ω–∞–ª–∏—Ç–∏–∫–∏ ¬´–ö–æ–Ω—Ç—É—Ä.–ú–∞—Ä–∫–µ—Ç–∞¬ª. –ë–æ–ª—å—à–µ –≤—Å–µ–≥–æ ‚Äî –Ω–∞ 65% ‚Äî —Å–ª–∏–≤–æ—á–Ω–æ–µ –º–∞—Å–ª–æ –ø–æ–¥–æ—Ä–æ–∂–∞–ª–æ –≤ –ê—Ä—Ö–∞–Ω–≥–µ–ª—å—Å–∫–æ–π –æ–±–ª–∞—Å—Ç–∏. –ù–∞ –ö—É–±–∞–Ω–∏ –µ–≥–æ —Ü–µ–Ω–∞ –≤—ã—Ä–æ—Å–ª–∞ –∑–∞ –≥–æ–¥ –ª–∏—à—å –Ω–∞ 3%",,,,,
"–†–æ–±–æ—Ç-—Ä–µ–ø–µ—Ç–∏—Ç–æ—Ä Buddy.ai –ø—Ä–∏–≤–ª–µ–∫ $11 –º–ª–Ω

–†–∞—É–Ω–¥ –≤–æ–∑–≥–ª–∞–≤–∏–ª–∏ –∫–∞–ª–∏—Ñ–æ—Ä–Ω–∏–π—Å–∫–∏–π –∏–Ω–≤–µ—Å—Ç–∏—Ü–∏–æ–Ω–Ω—ã–π —Ñ–æ–Ω–¥ BITKRAFT Ventures –∏ –µ–≤—Ä–æ–ø–µ–π—Å–∫–∏–π —Ñ–æ–Ω–¥ Educapital, –∫–æ—Ç–æ—Ä—ã–π –≤–∫–ª–∞–¥—ã–≤–∞–µ—Ç—Å—è –≤ –æ–±—Ä–∞–∑–æ–≤–∞—Ç–µ–ª—å–Ω—ã–µ —Ç–µ—Ö–Ω–æ–ª–æ–≥–∏–∏. –£—á–∞—Å—Ç–∏–µ —Ç–∞–∫–∂–µ –ø—Ä–∏–Ω—è–ª–∏ —Ñ–æ–Ω–¥—ã One Way Ventures, J Ventures, Point72 Ventures, Goodwater Capital, —Ä—è–¥ —Ç–µ–∫—É—â–∏—Ö –∞–∫—Ü–∏–æ–Ω–µ—Ä–æ–≤ –∫–æ–º–ø–∞–Ω–∏–∏, –≤–∫–ª—é—á–∞—è –∏–Ω–≤–µ—Å—Ç–∏—Ü–∏–æ–Ω–Ω—ã–π —Ñ–æ–Ω–¥ Leta Capital, –∏ –±–∏–∑–Ω–µ—Å-–∞–Ω–≥–µ–ª–æ–≤. 

–ü—Ä–∏–≤–ª–µ—á–µ–Ω–Ω—ã–µ —Å—Ä–µ–¥—Å—Ç–≤–∞ –∫–æ–º–ø–∞–Ω–∏—è –Ω–∞–ø—Ä–∞–≤–∏—Ç –Ω–∞ —Ä–∞–∑–≤–∏—Ç–∏–µ –ø—Ä–æ–¥—É–∫—Ç–∞ ‚Äî –º–æ–±–∏–ª—å–Ω–æ–≥–æ –ø—Ä–∏–ª–æ–∂–µ–Ω–∏—è Buddy.ai. –° –µ–≥–æ –ø–æ–º–æ—â—å—é –¥–µ—Ç–∏ –º–æ–≥—É—Ç –∏–∑—É—á–∞—Ç—å –±—É–∫–≤—ã, —Ü–∏—Ñ—Ä—ã, —Ñ–æ—Ä–º—ã –∏ —Ü–≤–µ—Ç–∞ –Ω–∞ –∞–Ω–≥–ª–∏–π—Å–∫–æ–º —è–∑—ã–∫–µ –≤ –∏–≥—Ä–æ–≤–æ–º —Ñ–æ—Ä–º–∞—Ç–µ. –í –æ–±—É—á–µ–Ω–∏–∏ –∏–º –ø–æ–º–æ–≥–∞–µ—Ç –∞–Ω–∏–º–∞—Ü–∏–æ–Ω–Ω—ã–π –ø–µ—Ä—Å–æ–Ω–∞–∂. –ë–ª–∞–≥–æ–¥–∞—Ä—è —Ç–µ—Ö–Ω–æ–ª–æ–≥–∏–∏ —Ä–∞—Å–ø–æ–∑–Ω–∞–≤–∞–Ω–∏—è –≥–æ–ª–æ—Å–∞ –æ–Ω –≤–æ—Å–ø—Ä–∏–Ω–∏–º–∞–µ—Ç —Ä–µ—á—å —Ä–µ–±–µ–Ω–∫–∞ –∏ –æ—Ç–≤–µ—á–∞–µ—Ç –Ω–∞ –µ–≥–æ –≤–æ–ø—Ä–æ—Å—ã.

–ö–æ–º–ø–∞–Ω–∏—é –≤ 2017 –≥–æ–¥—É –≤ –°–®–ê –æ—Å–Ω–æ–≤–∞–ª–∏ –¥–≤–æ–µ –¥—Ä—É–∑–µ–π –∏–∑ –ö—Ä–∞—Å–Ω–æ—è—Ä—Å–∫–∞ ‚Äî –ò–≤–∞–Ω –ö—Ä—é–∫–æ–≤ –∏ –î–º–∏—Ç—Ä–∏–π –ü–ª–æ—Ç–Ω–∏–∫–æ–≤.

–ü–æ–¥—Ä–æ–±–Ω–æ—Å—Ç–∏ ‚Äî –Ω–∞ —Å–∞–π—Ç–µ Forbes

üì∏: Getty Images",,,,,
"–ú–∏–Ω—Ñ–∏–Ω –∑–∞—è–≤–∏–ª, —á—Ç–æ –Ω–æ–≤—ã—Ö –ª–∏–º–∏—Ç–æ–≤ –ø–æ –ø—Ä–æ–≥—Ä–∞–º–º–µ —Å–µ–º–µ–π–Ω–æ–π –∏–ø–æ—Ç–µ–∫–∏ —Ö–≤–∞—Ç–∏—Ç –¥–æ –∫–æ–Ω—Ü–∞ –≥–æ–¥–∞. –°–µ–π—á–∞—Å –∏–¥–µ—Ç —Ä–∞–±–æ—Ç–∞ –Ω–∞–¥ –Ω–∞—Å—Ç—Ä–æ–π–∫–æ–π –±–æ–ª–µ–µ —ç—Ñ—Ñ–µ–∫—Ç–∏–≤–Ω–æ–≥–æ –º–µ—Ö–∞–Ω–∏–∑–º–∞ –ø–æ –ø–µ—Ä–µ—Ä–∞—Å–ø—Ä–µ–¥–µ–ª–µ–Ω–∏—é –æ—Å—Ç–∞–≤—à–∏—Ö—Å—è —Å—Ä–µ–¥—Å—Ç–≤ –º–µ–∂–¥—É –±–∞–Ω–∫–∞–º–∏, –æ—Ç–º–µ—Ç–∏–ª–∏ –≤ –≤–µ–¥–æ–º—Å—Ç–≤–µ. 30 –æ–∫—Ç—è–±—Ä—è –í–¢–ë –∏ –°–±–µ—Ä–±–∞–Ω–∫ —Å–æ–æ–±—â–∏–ª–∏ –æ –ø—Ä–∏–æ—Å—Ç–∞–Ω–æ–≤–∫–µ –≤—ã–¥–∞—á–∏ –∫—Ä–µ–¥–∏—Ç–æ–≤ –ø–æ –ø—Ä–æ–≥—Ä–∞–º–º–µ —Å–µ–º–µ–π–Ω–æ–π –∏–ø–æ—Ç–µ–∫–∏ –∏–∑-–∑–∞ –∏—Å—á–µ—Ä–ø–∞–Ω–∏—è –ª–∏–º–∏—Ç–æ–≤. –°–µ–≥–æ–¥–Ω—è –æ–ø–µ—Ä–∞—Ç–æ—Ä –ø—Ä–æ–≥—Ä–∞–º–º—ã ¬´–î–æ–º.–†–§¬ª —Å–æ–æ–±—â–∏–ª –æ –≤—ã–¥–µ–ª–µ–Ω–∏–∏ –¥–æ–ø–æ–ª–Ω–∏—Ç–µ–ª—å–Ω—ã—Ö 350 –º–ª—Ä–¥ —Ä—É–±–ª–µ–π –Ω–∞ –ø—Ä–æ–≥—Ä–∞–º–º—É",,,,,
"–ü–æ—Ç–µ–Ω—Ü–∏–∞–ª –ø—Ä–∏–≤–ª–µ–∫–∞—Ç–µ–ª—å–Ω–æ–π, –ø–µ—Ä—Å–ø–µ–∫—Ç–∏–≤–Ω–æ–π –∏ –µ—â–µ –Ω–µ –∏–º–µ—é—â–µ–π –∂–∏–ª–æ–π –∑–∞—Å—Ç—Ä–æ–π–∫–∏ –õ—É–∂–Ω–µ—Ü–∫–æ–π –Ω–∞–±–µ—Ä–µ–∂–Ω–æ–π —Ä–∞—Å–∫—Ä—ã–≤–∞–µ—Ç –ò–Ω–≤–µ—Å—Ç–∏—Ü–∏–æ–Ω–Ω–∞—è –≥—Ä—É–ø–ø–∞ ¬´–ê–±—Å–æ–ª—é—Ç¬ª. –ë—É–¥—É—á–∏ –æ–¥–Ω–∏–º –∏–∑ –∫—Ä—É–ø–Ω–µ–π—à–∏—Ö –∏–≥—Ä–æ–∫–æ–≤ –Ω–∞ —Å—Ç–æ–ª–∏—á–Ω–æ–º —Ä—ã–Ω–∫–µ –Ω–µ–¥–≤–∏–∂–∏–º–æ—Å—Ç–∏, –æ–Ω–∞ –æ–±–ª–∞–¥–∞–µ—Ç –≤–Ω—É—à–∏—Ç–µ–ª—å–Ω—ã–º –æ–ø—ã—Ç–æ–º —Ä–µ–∞–ª–∏–∑–∞—Ü–∏–∏ –∫–æ–º–ø–ª–µ–∫—Å–Ω—ã—Ö –ø—Ä–æ–µ–∫—Ç–æ–≤.
 
–ß—Ç–æ–±—ã —Å–æ–∑–¥–∞—Ç—å –ø—Ä–æ–≥—Ä–µ—Å—Å–∏–≤–Ω—ã–π –∂–∏–ª–æ–π –∫–≤–∞—Ä—Ç–∞–ª, –∫–æ—Ç–æ—Ä—ã–π –±—É–¥–µ—Ç –æ—Ç–≤–µ—á–∞—Ç—å –≤—ã—Å–æ–∫–∏–º –∑–∞–ø—Ä–æ—Å–∞–º –ø–æ—Ç–µ–Ω—Ü–∏–∞–ª—å–Ω—ã—Ö –∫–ª–∏–µ–Ω—Ç–æ–≤, –¥–µ–≤–µ–ª–æ–ø–µ—Ä —Å 2014 –≥–æ–¥–∞ –ø—Ä–æ–≤–µ–ª —Å–µ–º—å –∞—Ä—Ö–∏—Ç–µ–∫—Ç—É—Ä–Ω—ã—Ö –∫–æ–Ω–∫—É—Ä—Å–æ–≤. –ü–æ–¥—Ä—è–¥—á–∏–∫–∏ –±–æ—Ä–æ–ª–∏—Å—å –∑–∞ –ø—Ä–∞–≤–æ —Ä–∞–∑—Ä–∞–±–æ—Ç–∞—Ç—å –≥–µ–Ω–µ—Ä–∞–ª—å–Ω—ã–π –ø–ª–∞–Ω, –∞—Ä—Ö–∏—Ç–µ–∫—Ç—É—Ä–Ω—É—é –∫–æ–Ω—Ü–µ–ø—Ü–∏—é, —Ñ–∞—Å–∞–¥–Ω—ã–µ —Ä–µ—à–µ–Ω–∏—è, –æ—Ç–¥–µ–ª–∫—É –æ–±—â–µ—Å—Ç–≤–µ–Ω–Ω—ã—Ö –ø—Ä–æ—Å—Ç—Ä–∞–Ω—Å—Ç–≤, –∫–æ–Ω—Ü–µ–ø—Ü–∏—é –±–ª–∞–≥–æ—É—Å—Ç—Ä–æ–π—Å—Ç–≤–∞ –∏ –ø—Ä–æ—á–∏–µ –≤–∞–∂–Ω—ã–µ —Å–æ—Å—Ç–∞–≤–ª—è—é—â–∏–µ —ç—Ç–æ–≥–æ –º–∞—Å—à—Ç–∞–±–Ω–æ–≥–æ –ø—Ä–æ–µ–∫—Ç–∞. –ë–æ–ª–µ–µ –ø—Ä–æ—Å—Ç–æ–π –ø–æ–¥—Ö–æ–¥ –Ω–µ –æ—Ç–≤–µ—á–∞–ª –∞–º–±–∏—Ü–∏–æ–∑–Ω–æ–π —Ü–µ–ª–∏ ‚Äî –ø–æ–ª—É—á–∏—Ç—å —Å–∏–Ω–µ—Ä–≥–∏—é –∏–¥–µ–π –∏ —Ä–∞—Å–∫—Ä—ã—Ç—å –ø–æ—Ç–µ–Ω—Ü–∏–∞–ª —Ç–µ—Ä—Ä–∏—Ç–æ—Ä–∏–∏.
 
–ö–∞–∫ —Ç–∞–∫–æ–π –ø–æ–¥—Ö–æ–¥  —Å–æ–∑–¥–∞–µ—Ç –Ω–æ–≤—É—é —Ç–æ—á–∫—É –ø—Ä–∏—Ç—è–∂–µ–Ω–∏—è –•–∞–º–æ–≤–Ω–∏–∫–æ–≤, —Ä–∞—Å—Å–∫–∞–∑—ã–≤–∞–µ–º –≤ –Ω–∞—à–µ–º –º–∞—Ç–µ—Ä–∏–∞–ª–µ

*–†–µ–∫–ª–∞–º–∞, –û–û–û ¬´–°–ó –ì–†–ê–ù–î–°–û–Æ–ó–ò–ù–í–ï–°–¢¬ª",,,,,
"Ozon¬†—Å –Ω–æ—è–±—Ä—è –æ—Ç–º–µ–Ω–∏—Ç –≤–æ–∑–º–æ–∂–Ω–æ—Å—Ç—å –ø–æ—Å—Ç–æ–ø–ª–∞—Ç—ã –¥–ª—è –±–æ–ª—å—à–∏–Ω—Å—Ç–≤–∞ –∫–∞—Ç–µ–≥–æ—Ä–∏–π —Ç–æ–≤–∞—Ä–æ–≤ –∏ –æ—Å—Ç–∞–≤–∏—Ç –µ–µ —Ç–æ–ª—å–∫–æ –¥–ª—è –æ–¥–µ–∂–¥—ã. –í –º–∞—Ä–∫–µ—Ç–ø–ª–µ–π—Å–µ –ø–æ—è—Å–Ω–∏–ª–∏, —á—Ç–æ —Ä–µ—à–µ–Ω–∏–µ –ø—Ä–∏–Ω—è—Ç–æ –ø–µ—Ä–µ–¥ –≤—ã—Å–æ–∫–∏–º —Å–µ–∑–æ–Ω–æ–º, –æ–Ω–æ ¬´–ø–æ–∑–≤–æ–ª–∏—Ç —É–ª—É—á—à–∏—Ç—å —ç–∫–æ–Ω–æ–º–∏–∫—É –ø—Ä–æ–¥–∞–≤—Ü–æ–≤¬ª –∏ –æ–ø—Ç–∏–º–∏–∑–∏—Ä–æ–≤–∞—Ç—å —Ä–∞—Å—Ö–æ–¥—ã –Ω–∞ –ª–æ–≥–∏—Å—Ç–∏–∫—É. –í–æ–∑–º–æ–∂–Ω–æ—Å—Ç—å –æ—Ñ–æ—Ä–º–∏—Ç—å –∑–∞–∫–∞–∑ —Å –æ–ø–ª–∞—Ç–æ–π –ø—Ä–∏ –ø–æ–ª—É—á–µ–Ω–∏–∏ –±–æ–ª—å—à–∏–Ω—Å—Ç–≤–∞ –∫–∞—Ç–µ–≥–æ—Ä–∏–π —Ç–æ–≤–∞—Ä–æ–≤ –ø–æ—è–≤–∏–ª–∞—Å—å —É –ø–æ–∫—É–ø–∞—Ç–µ–ª–µ–π –≤ –∞–≤–≥—É—Å—Ç–µ, –¥–æ —ç—Ç–æ–≥–æ —Ç–∞–∫–∞—è –æ–ø—Ü–∏—è –±—ã–ª–∞ –¥–æ—Å—Ç—É–ø–Ω–∞ —Ç–æ–ª—å–∫–æ –¥–ª—è —Ç–æ–≤–∞—Ä–æ–≤ –≤ fashion-–∫–∞—Ç–µ–≥–æ—Ä–∏—è—Ö, –∫–æ—Ç–æ—Ä—ã–µ –Ω–µ–æ–±—Ö–æ–¥–∏–º–æ –ø—Ä–∏–º–µ—Ä–∏—Ç—å –ø–µ—Ä–µ–¥ –ø–æ–∫—É–ø–∫–æ–π",,,,,
"–û–∫—Ç—è–±—Ä—å –ø–æ–¥—Ö–æ–¥–∏—Ç –∫ –∫–æ–Ω—Ü—É. –ß—Ç–æ–±—ã –≤—ã –Ω–µ –ø—Ä–æ–ø—É—Å—Ç–∏–ª–∏ –Ω–∏—á–µ–≥–æ –≤–∞–∂–Ω–æ–≥–æ, –º—ã –æ—Ç–æ–±—Ä–∞–ª–∏ –ø—è—Ç—å —Å–∞–º—ã—Ö –ø–æ–ø—É–ª—è—Ä–Ω—ã—Ö –º–∞—Ç–µ—Ä–∏–∞–ª–æ–≤ –æ–± –æ–±—Ä–∞–∑–æ–≤–∞–Ω–∏–∏ –∑–∞ –º–µ—Å—è—Ü:

–†–æ—Å—Å–∏–π—Å–∫–∏–µ –±–∏–∑–Ω–µ—Å-—à–∫–æ–ª—ã –º–∏—Ä–æ–≤–æ–≥–æ —É—Ä–æ–≤–Ω—è ‚Äî —Å–ø–∏—Å–æ–∫ Forbes Education

–ó–Ω–∞—Ç–æ–∫, –ø—Ä–∞–≥–º–∞—Ç–∏–∫, –∏–Ω–≤–µ—Å—Ç–æ—Ä, —Ç—Ä–∞–¥–∏—Ü–∏–æ–Ω–∞–ª–∏—Å—Ç ‚Äî –∫–∞–∫–æ–π –≤—ã —Ä–æ–¥–∏—Ç–µ–ª—å?

–ù–æ–≤—ã–µ –ø—Ä–∞–≤–∏–ª–∞ –∏–≥—Ä—ã: —á—Ç–æ –ø—Ä–æ–∏—Å—Ö–æ–¥–∏—Ç —Å –æ–±—É—á–µ–Ω–∏–º –∑–∞ —Ä—É–±–µ–∂–æ–º

–ü–æ—á–µ–º—É —É—á–µ–±–∞ –≤ –ª—É—á—à–∏—Ö –≤—É–∑–∞—Ö –º–∏—Ä–∞ –Ω–µ –≥–∞—Ä–∞–Ω—Ç–∏—Ä—É–µ—Ç –º–∞–∫—Å–∏–º–∞–ª—å–Ω–æ–≥–æ –∑–∞—Ä–∞–±–æ—Ç–∫–∞

–ü–æ–ª–∏—Ç–∏—á–µ—Å–∫–∏–µ –≤–∑–≥–ª—è–¥—ã –ø–æ–¥—Ä–æ—Å—Ç–∫–æ–≤ –∑–∞–≤–∏—Å—è—Ç –æ—Ç –æ—Ç–Ω–æ—à–µ–Ω–∏–π —Å —É—á–∏—Ç–µ–ª—è–º–∏ 

–ö—Ä–æ–º–µ —Ç–æ–≥–æ, –º—ã —Ä–∞—Å—Å–∫–∞–∑—ã–≤–∞–ª–∏ –æ –Ω–∞–∏–±–æ–ª–µ–µ –≤–æ—Å—Ç—Ä–µ–±–æ–≤–∞–Ω–Ω—ã—Ö —Å–ø–µ—Ü–∏–∞–ª—å–Ω–æ—Å—Ç—è—Ö, –ª—é–±–≤–∏ —Å —Ç–æ—á–∫–∏ –∑—Ä–µ–Ω–∏—è –Ω–µ–π—Ä–æ–Ω–∞—É–∫–∏, —Å–∞–º—ã—Ö –¥–æ—Ä–æ–≥–∏—Ö —à–∫–æ–ª–∞—Ö-–ø–∞–Ω—Å–∏–æ–Ω–∞—Ö –º–∏—Ä–∞, —Ä–æ—Å—Å–∏–π—Å–∫–∏—Ö –≤—É–∑–∞—Ö –≤ –º–∏—Ä–æ–≤—ã—Ö —Ä–µ–π—Ç–∏–Ω–≥–∞—Ö, –ø–ª–∞–Ω–∞—Ö –í–µ–ª–∏–∫–æ–±—Ä–∏—Ç–∞–Ω–∏–∏ —Å–æ–∑–¥–∞—Ç—å –∞–ª—å—Ç–µ—Ä–Ω–∞—Ç–∏–≤—É IELTS, –∏–Ω–Ω–æ–≤–∞—Ü–∏—è—Ö –≤ —Ä–æ—Å—Å–∏–π—Å–∫–æ–π —Å–∏—Å—Ç–µ–º–µ –æ–±—Ä–∞–∑–æ–≤–∞–Ω–∏—è –∏ –º–Ω–æ–≥–æ–º –¥—Ä—É–≥–æ–º.

–°–ª–µ–¥–∏—Ç–µ –∑–∞ –∫–∞–Ω–∞–ª–æ–º Forbes Education, —á—Ç–æ–±—ã –±—ã—Ç—å –≤ –∫—É—Ä—Å–µ –≥–ª–∞–≤–Ω—ã—Ö –Ω–æ–≤–æ—Å—Ç–µ–π –∏ —Ç—Ä–µ–Ω–¥–æ–≤ –≤ —Å—Ñ–µ—Ä–µ –æ–±—Ä–∞–∑–æ–≤–∞–Ω–∏—è, –Ω–∞—É–∫–∏ –∏ —Å–∞–º–æ—Ä–∞–∑–≤–∏—Ç–∏—è.

@forbes_education",,,,,
"–ê—ç—Ä–æ–ø–æ—Ä—Ç –£—Ñ—ã –≤—Ä–µ–º–µ–Ω–Ω–æ –ø—Ä–µ–∫—Ä–∞—Ç–∏–ª –ø—Ä–∏–Ω–∏–º–∞—Ç—å –∏ –æ—Ç–ø—Ä–∞–≤–ª—è—Ç—å —Ä–µ–π—Å—ã, —Å–æ–æ–±—â–∏–ª–∏ –≤ –†–æ—Å–∞–≤–∏–∞—Ü–∏–∏. –¢–∞–º –æ—Ç–º–µ—Ç–∏–ª–∏, —á—Ç–æ —Å 17:50 –º—Å–∫ –Ω–∞ —Ä–∞–±–æ—Ç—É –∞–≤–∏–∞–≥–∞–≤–∞–Ω–∏ –≤–≤–µ–¥–µ–Ω—ã –≤—Ä–µ–º–µ–Ω–Ω—ã–µ –æ–≥—Ä–∞–Ω–∏—á–µ–Ω–∏—è –¥–ª—è –æ–±–µ—Å–ø–µ—á–µ–Ω–∏—è –±–µ–∑–æ–ø–∞—Å–Ω–æ—Å—Ç–∏ –ø–æ–ª–µ—Ç–æ–≤. –ò—Ö –ø—Ä–∏—á–∏–Ω—ã –Ω–µ —É—Ç–æ—á–Ω—è—é—Ç—Å—è. –ù–∞ —Ñ–æ–Ω–µ —ç—Ç–æ–≥–æ –Ω–µ—Å–∫–æ–ª—å–∫–æ —Ä–µ–π—Å–æ–≤ –∑–∞–¥–µ—Ä–∂–∏–≤–∞—é—Ç—Å—è –Ω–∞ –≤—ã–ª–µ—Ç –∏ –ø—Ä–∏–ª–µ—Ç, —Å–ª–µ–¥—É–µ—Ç –∏–∑ –¥–∞–Ω–Ω—ã—Ö –æ–Ω–ª–∞–π–Ω-—Ç–∞–±–ª–æ –∞—ç—Ä–æ–ø–æ—Ä—Ç–∞. –ê–Ω–∞–ª–æ–≥–∏—á–Ω—ã–µ –æ–≥—Ä–∞–Ω–∏—á–µ–Ω–∏—è –≤–≤–æ–¥–∏–ª–∏—Å—å –¥–ª—è –∞—ç—Ä–æ–ø–æ—Ä—Ç–æ–≤ –°–∞–º–∞—Ä—ã –∏ –°–∞—Ä–∞—Ç–æ–≤–∞ –¥–Ω–µ–º 31 –æ–∫—Ç—è–±—Ä—è",,,,,
